event_id,player_id,session_id,timestamp,event_type,game_scenario,social_mode,platform,player_level,event_value,reported_flag
f1879e893da9,player_0063,player_0063_s1,2026-07-15T04:53:01Z,session_start,lobby,multiplayer_pvp,pc,1,,
b575bd1c57e7,player_0063,player_0063_s1,2026-07-15T04:55:57Z,level_fail,level_2,multiplayer_pvp,pc,1,,
557a0b8da435,player_0063,player_0063_s1,2026-07-15T04:59:54Z,quest_accept,quest_goblin_camp,multiplayer_pvp,pc,1,,
310a2582adaf,player_0063,player_0063_s1,2026-07-15T05:02:50Z,friend_request_sent,level_2,multiplayer_pvp,pc,1,,
320e9b43d202,player_0063,player_0063_s1,2026-07-15T05:03:33Z,level_fail,level_2,multiplayer_pvp,pc,1,,
025ec1059451,player_0063,player_0063_s1,2026-07-15T05:06:57Z,party_join,lobby,multiplayer_pvp,pc,1,,
7fc5a6e1d22b,player_0063,player_0063_s1,2026-07-15T05:07:21Z,quest_accept,quest_lost_relic,multiplayer_pvp,pc,1,,
eb474e6feab0,player_0063,player_0063_s1,2026-07-15T05:10:10Z,item_purchase,level_2,multiplayer_pvp,pc,1,238,
4d8cd74c8487,player_0063,player_0063_s1,2026-07-15T05:10:52Z,session_end,lobby,multiplayer_pvp,pc,1,,
9aedcacdd4d0,player_0023,player_0023_s1,2026-07-15T16:02:03Z,session_start,lobby,multiplayer_pvp,mobile,4,,
2089e734a72d,player_0023,player_0023_s1,2026-07-15T16:05:30Z,enemy_kill,quest_goblin_camp,multiplayer_pvp,mobile,4,1,
1531f305014a,player_0023,player_0023_s1,2026-07-15T16:08:26Z,afk_timeout,quest_goblin_camp,multiplayer_pvp,mobile,4,,
34282bd45be8,player_0023,player_0023_s1,2026-07-15T16:12:24Z,party_join,lobby,multiplayer_pvp,mobile,4,,
4ea638de915d,player_0023,player_0023_s1,2026-07-15T16:12:52Z,rage_quit,quest_goblin_camp,multiplayer_pvp,mobile,4,,
df416d9394d6,player_0023,player_0023_s1,2026-07-15T16:15:48Z,achievement_unlocked,quest_goblin_camp,multiplayer_pvp,mobile,4,140,
8ea81df79a0a,player_0023,player_0023_s1,2026-07-15T16:17:25Z,level_start,level_3,multiplayer_pvp,mobile,4,,
4878713d2007,player_0023,player_0023_s1,2026-07-15T16:18:49Z,quest_abandon,quest_goblin_camp,multiplayer_pvp,mobile,4,,
e065183c88ed,player_0023,player_0023_s1,2026-07-15T16:19:48Z,enemy_kill,quest_goblin_camp,multiplayer_pvp,mobile,4,2,
1b28df1f088b,player_0023,player_0023_s1,2026-07-15T16:20:42Z,item_purchase,quest_goblin_camp,multiplayer_pvp,mobile,4,75,
70d9bf4dc8c9,player_0023,player_0023_s1,2026-07-15T16:21:26Z,level_fail,level_3,multiplayer_pvp,mobile,4,,
bb1f7c2ce5a7,player_0023,player_0023_s1,2026-07-15T16:25:07Z,quest_accept,quest_goblin_camp,multiplayer_pvp,mobile,4,,
019cd08aa973,player_0023,player_0023_s1,2026-07-15T16:27:21Z,party_leave,lobby,multiplayer_pvp,mobile,4,,
1f16c523656f,player_0023,player_0023_s1,2026-07-15T16:29:12Z,session_end,lobby,multiplayer_pvp,,4,,
87380b24b5a0,player_0054,player_0054_s1,2026-07-15T17:59:02Z,session_start,lobby,singleplayer,mobile,3,,
c6c7849759e0,player_0054,player_0054_s1,2026-07-15T17:59:55Z,friend_request_sent,,singleplayer,mobile,3,,
3e3c8ee3006d,player_0054,player_0054_s1,2026-07-15T18:02:18Z,player_death,pvp_arena,singleplayer,mobile,3,,
b55fd073a9d4,player_0054,player_0054_s1,2026-07-15T18:03:07Z,friend_request_sent,pvp_arena,singleplayer,mobile,3,,
168dd94e9225,player_0054,player_0054_s1,2026-07-15T18:03:21Z,level_fail,level_1,singleplayer,mobile,3,,
57ae0b071136,player_0054,player_0054_s1,2026-07-15T18:04:25Z,matchmaking_complete,lobby,singleplayer,mobile,3,,
57ae0b071136,player_0054,player_0054_s1,2026-07-15T18:04:25Z,matchmaking_complete,lobby,singleplayer,mobile,3,,
b682fae32949,player_0054,player_0054_s1,2026-07-15T18:05:26Z,level_start,level_5,singleplayer,mobile,3,,
191454cd120e,player_0054,player_0054_s1,2026-07-15T18:07:33Z,level_start,level_3,singleplayer,mobile,3,,
107fb8d08094,player_0054,player_0054_s1,2026-07-15T18:11:32Z,matchmaking_complete,lobby,singleplayer,mobile,3,,
856d12d96e8d,player_0054,player_0054_s1,2026-07-15T18:12:28Z,quest_complete,quest_lost_relic,singleplayer,mobile,3,417,
454a8833f1ee,player_0054,player_0054_s1,2026-07-15T18:13:18Z,enemy_kill,pvp_arena,singleplayer,mobile,3,1,
c495e0ea801e,player_0054,player_0054_s1,2026-07-15T18:13:28Z,quest_complete,quest_goblin_camp,singleplayer,mobile,3,410,
7f511bc79a4d,player_0054,player_0054_s1,2026-07-15T18:17:27Z,quest_complete,quest_forest_rescue,singleplayer,mobile,3,483,
7261570a57de,player_0054,player_0054_s1,2026-07-15T18:19:46Z,damage_taken,pvp_arena,singleplayer,mobile,3,10,
406af8397696,player_0054,player_0054_s1,2026-07-15T18:20:38Z,session_end,lobby,singleplayer,mobile,3,,
fc76874f4a68,player_0053,player_0053_s1,2026-07-16T02:11:10Z,session_start,lobby,singleplayer,console,5,,
12231cb10e68,player_0053,player_0053_s1,2026-07-16T02:15:08Z,matchmaking_start,lobby,singleplayer,console,5,,
025ae107c7d2,player_0053,player_0053_s1,2026-07-16T02:17:21Z,enemy_kill,level_5,singleplayer,console,5,2,
701cdd5629b6,player_0053,player_0053_s1,2026-07-16T02:18:35Z,quest_abandon,quest_forest_rescue,singleplayer,console,5,,
eacd771a2be1,player_0053,player_0053_s1,2026-07-16T02:20:01Z,matchmaking_complete,lobby,singleplayer,console,5,,
29faf4eca915,player_0053,player_0053_s1,2026-07-16T02:21:02Z,level_start,level_5,singleplayer,console,5,,
c9a78b9e0a4e,player_0053,player_0053_s1,2026-07-16T02:24:56Z,item_sell,level_5,singleplayer,console,5,34,
cf0bc88e50b6,player_0053,player_0053_s1,2026-07-16T02:28:28Z,friend_request_sent,level_5,singleplayer,console,5,,
c8b9324833e7,player_0053,player_0053_s1,2026-07-16T02:30:48Z,damage_taken,level_5,singleplayer,console,5,99,
8193d6ceb621,player_0053,player_0053_s1,2026-07-16T02:33:22Z,item_purchase,level_5,singleplayer,console,5,86,
fc034f9dda92,player_0053,player_0053_s1,2026-07-16T02:33:52Z,item_purchase,level_5,singleplayer,console,5,341,
140774ee360c,player_0053,player_0053_s1,2026-07-16T02:34:58Z,item_sell,level_5,singleplayer,console,5,278,
140774ee360c,player_0053,player_0053_s1,2026-07-16T02:34:58Z,item_sell,level_5,singleplayer,console,5,278,
2938a6ce8ac5,player_0053,player_0053_s1,2026-07-16T02:38:31Z,level_complete,level_5,singleplayer,console,5,,
d968f3a91400,player_0053,player_0053_s1,2026-07-16T02:41:51Z,item_purchase,level_5,singleplayer,console,5,299,
d151ad03636d,player_0053,player_0053_s1,2026-07-16T02:45:32Z,level_up,,singleplayer,console,6,463,
33adf3498ca7,player_0053,player_0053_s1,2026-07-16T02:49:11Z,quest_abandon,quest_dragon_hunt,singleplayer,console,6,,
33adf3498ca7,player_0053,player_0053_s1,2026-07-16T02:49:11Z,quest_abandon,quest_dragon_hunt,singleplayer,console,6,,
642e70fa7eb2,player_0053,player_0053_s1,2026-07-16T02:50:16Z,matchmaking_start,lobby,singleplayer,console,6,,
6b85cc30b71c,player_0053,player_0053_s1,2026-07-16T02:51:01Z,session_end,lobby,singleplayer,console,6,,
6b85cc30b71c,player_0053,player_0053_s1,2026-07-16T02:51:01Z,session_end,lobby,singleplayer,console,6,,
449808639c96,player_0078,player_0078_s1,2026-07-17T11:14:28Z,session_start,lobby,singleplayer,console,5,,
4e7e77d06e78,player_0078,player_0078_s1,2026-07-17T11:15:56Z,damage_taken,quest_castle_siege,singleplayer,,5,79,
4ca0ae786a64,player_0078,player_0078_s1,2026-07-17T11:19:41Z,item_sell,quest_castle_siege,singleplayer,console,5,100,
bf03fa040c75,player_0078,player_0078_s1,2026-07-17T11:22:06Z,item_sell,quest_castle_siege,singleplayer,console,5,126,
346c02618dd8,player_0078,player_0078_s1,2026-07-17T11:23:19Z,friend_request_sent,quest_castle_siege,singleplayer,console,5,,
b61b259605d5,player_0078,player_0078_s1,2026-07-17T11:26:00Z,enemy_kill,quest_castle_siege,singleplayer,console,5,2,
ebbdd128ad89,player_0078,player_0078_s1,2026-07-17T11:26:52Z,friend_request_sent,quest_castle_siege,singleplayer,console,5,,
46beddf1b822,player_0078,player_0078_s1,2026-07-17T11:28:45Z,item_pickup,quest_castle_siege,singleplayer,console,5,,
c2b8825e24f9,player_0078,player_0078_s1,2026-07-17T11:30:37Z,damage_taken,quest_castle_siege,singleplayer,console,5,47,
c2b8825e24f9,player_0078,player_0078_s1,2026-07-17T11:30:37Z,damage_taken,quest_castle_siege,singleplayer,console,5,47,
6678205a49c8,player_0078,player_0078_s1,2026-07-17T11:34:20Z,level_up,quest_castle_siege,singleplayer,console,6,386,
413f8737f4a8,player_0078,player_0078_s1,2026-07-17T11:36:20Z,quest_abandon,quest_castle_siege,singleplayer,console,6,,
8112666e8e71,player_0078,player_0078_s1,2026-07-17T11:37:38Z,session_end,lobby,singleplayer,,6,,
919f7720358b,player_0023,player_0023_s2,2026-07-18T08:42:29Z,session_start,lobby,multiplayer_coop,mobile,4,,
20fe319aee94,player_0023,player_0023_s2,2026-07-18T08:46:18Z,matchmaking_complete,lobby,multiplayer_coop,mobile,4,,
04a6162f832a,player_0023,player_0023_s2,2026-07-18T08:46:56Z,matchmaking_complete,lobby,multiplayer_coop,mobile,4,,
fc7893861fd8,player_0023,player_0023_s2,2026-07-18T08:48:37Z,quest_complete,quest_dragon_hunt,multiplayer_coop,mobile,4,142,
0776fdbd1f2d,player_0023,player_0023_s2,2026-07-18T08:52:14Z,matchmaking_complete,lobby,multiplayer_coop,mobile,4,,
5f61906235b7,player_0023,player_0023_s2,2026-07-18T08:54:02Z,session_end,lobby,multiplayer_coop,mobile,4,,
d78ff6509456,player_0026,player_0026_s1,2026-07-18T09:07:11Z,session_start,lobby,singleplayer,pc,4,,
097f56989bfc,player_0026,player_0026_s1,2026-07-18T09:10:03Z,enemy_kill,level_3,singleplayer,pc,4,2,
f11fd682ae5f,player_0026,player_0026_s1,2026-07-18T09:10:39Z,damage_taken,level_3,singleplayer,pc,4,56,
5bbaf8c851ec,player_0026,player_0026_s1,2026-07-18T09:14:31Z,level_up,level_3,singleplayer,pc,5,861,
505850232b62,player_0026,player_0026_s1,2026-07-18T09:16:28Z,level_up,level_3,singleplayer,pc,6,447,
1d7314852f5f,player_0026,player_0026_s1,2026-07-18T09:17:20Z,friend_request_sent,level_3,singleplayer,pc,6,,
976a404f50c2,player_0026,player_0026_s1,2026-07-18T09:20:22Z,friend_request_sent,level_3,singleplayer,pc,6,,
b3c22570634b,player_0026,player_0026_s1,2026-07-18T09:22:01Z,party_join,lobby,singleplayer,pc,6,,
6548f9baf0e4,player_0026,player_0026_s1,2026-07-18T09:23:14Z,level_fail,level_3,singleplayer,pc,6,,
07fbfc710e95,player_0026,player_0026_s1,2026-07-18T09:26:25Z,achievement_unlocked,level_3,singleplayer,,6,30,
801167a93dba,player_0026,player_0026_s1,2026-07-18T09:28:20Z,matchmaking_complete,lobby,singleplayer,pc,6,,
7728cb046271,player_0026,player_0026_s1,2026-07-18T09:31:55Z,quest_abandon,quest_goblin_camp,singleplayer,pc,6,,
e540d9a441ae,player_0026,player_0026_s1,2026-07-18T09:33:15Z,enemy_kill,level_3,singleplayer,pc,6,1,
ee31d4ac8a4d,player_0026,player_0026_s1,2026-07-18T09:33:40Z,enemy_kill,level_3,singleplayer,pc,6,3,
7163bfaa10f5,player_0026,player_0026_s1,2026-07-18T09:35:00Z,player_death,level_3,singleplayer,pc,6,,
d5dd030c38cc,player_0026,player_0026_s1,2026-07-18T09:36:59Z,matchmaking_complete,lobby,singleplayer,pc,6,,
51f07181240a,player_0026,player_0026_s1,2026-07-18T09:40:07Z,achievement_unlocked,level_3,singleplayer,pc,6,52,
08cc174e988e,player_0026,player_0026_s1,2026-07-18T09:41:40Z,session_end,lobby,singleplayer,pc,6,,
7bd9f6473ff6,player_0078,player_0078_s2,2026-07-18T11:06:45Z,session_start,lobby,singleplayer,console,6,,
327be1c1c716,player_0078,player_0078_s2,2026-07-18T11:07:15Z,item_sell,pvp_arena,singleplayer,console,6,416,
0bfe8d762372,player_0078,player_0078_s2,2026-07-18T11:08:20Z,party_leave,lobby,singleplayer,console,6,,
fcee451df349,player_0078,player_0078_s2,2026-07-18T11:10:15Z,level_up,pvp_arena,singleplayer,console,7,300,
ba2b0868f1ec,player_0078,player_0078_s2,2026-07-18T11:10:57Z,quest_complete,quest_castle_siege,singleplayer,console,7,462,
c25410de0384,player_0078,player_0078_s2,2026-07-18T11:11:04Z,quest_abandon,quest_castle_siege,singleplayer,console,7,,
88ce787321cb,player_0078,player_0078_s2,2026-07-18T11:13:16Z,quest_complete,quest_goblin_camp,singleplayer,console,7,323,
fc8d27a84716,player_0078,player_0078_s2,2026-07-18T11:16:25Z,enemy_kill,pvp_arena,singleplayer,console,7,2,
5e8c6ca41f69,player_0078,player_0078_s2,2026-07-18T11:17:46Z,item_sell,pvp_arena,singleplayer,console,7,292,
ef293b025aa0,player_0078,player_0078_s2,2026-07-18T11:21:30Z,matchmaking_start,lobby,singleplayer,console,7,,
490401672450,player_0078,player_0078_s2,2026-07-18T11:21:47Z,level_up,pvp_arena,singleplayer,console,8,201,
489c361c431b,player_0078,player_0078_s2,2026-07-18T11:24:48Z,quest_abandon,quest_forest_rescue,singleplayer,console,8,,
a76f8148713f,player_0078,player_0078_s2,2026-07-18T11:25:48Z,item_sell,pvp_arena,singleplayer,,8,248,
27b21a5372ba,player_0078,player_0078_s2,2026-07-18T11:29:27Z,rage_quit,pvp_arena,singleplayer,console,8,,
afd672817f1e,player_0078,player_0078_s2,2026-07-18T11:29:56Z,chat_message,pvp_arena,singleplayer,console,8,,0
c15c82b34666,player_0078,player_0078_s2,2026-07-18T11:30:47Z,session_end,lobby,singleplayer,console,8,,
1b9146c1e5b8,player_0063,player_0063_s2,2026-07-18T11:37:12Z,session_start,lobby,singleplayer,pc,1,,
6fbaa34f584b,player_0063,player_0063_s2,2026-07-18T11:41:00Z,level_complete,level_3,singleplayer,pc,1,,
20c1b5ab1673,player_0063,player_0063_s2,2026-07-18T11:42:37Z,afk_timeout,quest_castle_siege,singleplayer,pc,1,,
b667548b58fd,player_0063,player_0063_s2,2026-07-18T11:44:02Z,achievement_unlocked,quest_castle_siege,singleplayer,pc,1,199,
5483877f53ef,player_0063,player_0063_s2,2026-07-18T11:44:36Z,quest_accept,quest_castle_siege,singleplayer,pc,1,,
a4d99d302fb2,player_0063,player_0063_s2,2026-07-18T11:48:18Z,level_complete,level_1,singleplayer,pc,1,,
398b6d133efa,player_0063,player_0063_s2,2026-07-18T11:50:12Z,session_end,lobby,singleplayer,pc,1,,
4e793380efd3,player_0066,player_0066_s1,2026-07-18T23:12:15Z,session_start,lobby,multiplayer_pvp,mobile,4,,
e760641a1e1c,player_0066,player_0066_s1,2026-07-18T23:13:35Z,chat_message,lobby,multiplayer_pvp,mobile,4,,0
0ed3f6e61a3e,player_0066,player_0066_s1,2026-07-18T23:16:14Z,party_join,lobby,multiplayer_pvp,mobile,4,,
340de30a2d5d,player_0066,player_0066_s1,2026-07-18T23:17:35Z,party_leave,lobby,multiplayer_pvp,mobile,4,,
38fd552f37c1,player_0066,player_0066_s1,2026-07-18T23:21:20Z,enemy_kill,,multiplayer_pvp,mobile,4,3,
857f56d02be9,player_0066,player_0066_s1,2026-07-18T23:24:33Z,party_leave,lobby,multiplayer_pvp,mobile,4,,
41a3379b1ca9,player_0066,player_0066_s1,2026-07-18T23:27:19Z,item_pickup,quest_lost_relic,multiplayer_pvp,mobile,4,,
4f8346972eee,player_0066,player_0066_s1,2026-07-18T23:28:15Z,item_pickup,quest_lost_relic,multiplayer_pvp,mobile,4,,
edbd4e56ee70,player_0066,player_0066_s1,2026-07-18T23:30:59Z,player_death,quest_lost_relic,multiplayer_pvp,mobile,4,,
68f73c710cd9,player_0066,player_0066_s1,2026-07-18T23:33:59Z,damage_taken,quest_lost_relic,multiplayer_pvp,mobile,4,87,
c009659a8751,player_0066,player_0066_s1,2026-07-18T23:34:37Z,rage_quit,quest_lost_relic,multiplayer_pvp,mobile,4,,
5f5f64f43dd9,player_0066,player_0066_s1,2026-07-18T23:35:04Z,session_end,lobby,multiplayer_pvp,mobile,4,,
166ff62c6b11,player_0031,player_0031_s1,2026-07-19T02:00:55Z,session_start,lobby,multiplayer_pvp,console,5,,
2efb45c20cc8,player_0031,player_0031_s1,2026-07-19T02:01:13Z,matchmaking_start,lobby,multiplayer_pvp,console,5,,
49b41dbd02ef,player_0031,player_0031_s1,2026-07-19T02:03:20Z,quest_abandon,quest_goblin_camp,multiplayer_pvp,console,5,,
a73ca5478584,player_0031,player_0031_s1,2026-07-19T02:06:06Z,matchmaking_complete,lobby,multiplayer_pvp,console,5,,
b8c631410027,player_0031,player_0031_s1,2026-07-19T02:09:29Z,level_up,menu,multiplayer_pvp,console,6,251,
1d3b5edd5eac,player_0031,player_0031_s1,2026-07-19T02:13:04Z,afk_timeout,menu,multiplayer_pvp,console,6,,
b35eadf3fe7e,player_0031,player_0031_s1,2026-07-19T02:14:11Z,level_complete,,multiplayer_pvp,console,6,,
2e84bc7a0cb9,player_0031,player_0031_s1,2026-07-19T02:17:15Z,quest_accept,quest_dragon_hunt,multiplayer_pvp,console,6,,
0c80aeac48de,player_0031,player_0031_s1,2026-07-19T02:17:24Z,chat_message,menu,multiplayer_pvp,console,6,,0
772df77d5aae,player_0031,player_0031_s1,2026-07-19T02:19:14Z,item_pickup,menu,multiplayer_pvp,console,6,,
173a1d427d58,player_0031,player_0031_s1,2026-07-19T02:21:04Z,party_join,lobby,multiplayer_pvp,console,6,,
444bd840c088,player_0031,player_0031_s1,2026-07-19T02:24:27Z,matchmaking_complete,lobby,multiplayer_pvp,console,6,,
c89a4bba3cfd,player_0031,player_0031_s1,2026-07-19T02:28:27Z,friend_request_sent,menu,multiplayer_pvp,console,6,,
f8f8051d79ea,player_0031,player_0031_s1,2026-07-19T02:32:15Z,level_complete,level_2,multiplayer_pvp,console,6,,
1970884310df,player_0031,player_0031_s1,2026-07-19T02:33:26Z,session_end,lobby,multiplayer_pvp,console,6,,
add266663188,player_0078,player_0078_s3,2026-07-19T13:44:17Z,session_start,lobby,singleplayer,console,8,,
add266663188,player_0078,player_0078_s3,2026-07-19T13:44:17Z,session_start,lobby,singleplayer,console,8,,
91174e921d0c,player_0078,player_0078_s3,2026-07-19T13:44:27Z,achievement_unlocked,pvp_arena,singleplayer,console,8,41,
0107c6478e4a,player_0078,player_0078_s3,2026-07-19T13:46:01Z,afk_timeout,pvp_arena,singleplayer,console,8,,
02849d38df6f,player_0078,player_0078_s3,2026-07-19T13:48:41Z,item_pickup,pvp_arena,singleplayer,console,8,,
02849d38df6f,player_0078,player_0078_s3,2026-07-19T13:48:41Z,item_pickup,pvp_arena,singleplayer,console,8,,
ae3c8c99b2d2,player_0078,player_0078_s3,2026-07-19T13:51:13Z,matchmaking_start,lobby,singleplayer,console,8,,
ba3d718ee38c,player_0078,player_0078_s3,2026-07-19T13:54:04Z,rage_quit,pvp_arena,singleplayer,console,8,,
f0c70fcaa5ef,player_0078,player_0078_s3,2026-07-19T13:56:26Z,quest_abandon,quest_lost_relic,singleplayer,console,8,,
1c37553f1604,player_0078,player_0078_s3,2026-07-19T13:58:01Z,enemy_kill,pvp_arena,singleplayer,console,8,3,
ebb81b48d992,player_0078,player_0078_s3,2026-07-19T14:00:16Z,friend_request_sent,pvp_arena,singleplayer,console,8,,
6690e70278ac,player_0078,player_0078_s3,2026-07-19T14:03:39Z,chat_message,lobby,singleplayer,console,8,,0
25f135c9ca77,player_0078,player_0078_s3,2026-07-19T14:04:57Z,chat_message,pvp_arena,singleplayer,console,8,,0
25d482efbca4,player_0078,player_0078_s3,2026-07-19T14:08:44Z,quest_abandon,quest_lost_relic,singleplayer,console,8,,
e799fe4f4e53,player_0078,player_0078_s3,2026-07-19T14:10:36Z,rage_quit,pvp_arena,singleplayer,console,8,,
7e32137b1b1b,player_0078,player_0078_s3,2026-07-19T14:13:17Z,matchmaking_start,lobby,singleplayer,console,8,,
dffefb861aa0,player_0078,player_0078_s3,2026-07-19T14:15:05Z,level_fail,level_1,singleplayer,console,8,,
0315c03426e9,player_0078,player_0078_s3,2026-07-19T14:15:51Z,enemy_kill,pvp_arena,singleplayer,console,8,1,
30d58db181c1,player_0078,player_0078_s3,2026-07-19T14:17:16Z,enemy_kill,pvp_arena,singleplayer,console,8,3,
f6a5c0b3a0e8,player_0078,player_0078_s3,2026-07-19T14:17:58Z,session_end,lobby,singleplayer,,8,,
3d3c0d3039fd,player_0058,player_0058_s1,2026-07-19T15:30:06Z,session_start,lobby,multiplayer_pvp,mobile,4,,
99d76a0a5c40,player_0058,player_0058_s1,2026-07-19T15:32:12Z,player_death,level_1,multiplayer_pvp,mobile,4,,
c6927e82bd1b,player_0058,player_0058_s1,2026-07-19T15:32:37Z,level_up,level_1,multiplayer_pvp,mobile,5,974,
2108a8bd21b6,player_0058,player_0058_s1,2026-07-19T15:35:44Z,level_complete,level_1,multiplayer_pvp,mobile,5,,
7d6146f139a3,player_0058,player_0058_s1,2026-07-19T15:37:57Z,matchmaking_start,lobby,multiplayer_pvp,mobile,5,,
b85b86565706,player_0058,player_0058_s1,2026-07-19T15:41:52Z,party_join,lobby,multiplayer_pvp,mobile,5,,
4f82ad2c05a5,player_0058,player_0058_s1,2026-07-19T15:45:21Z,matchmaking_start,lobby,multiplayer_pvp,mobile,5,,
ad18d9998e03,player_0058,player_0058_s1,2026-07-19T15:48:19Z,matchmaking_complete,lobby,multiplayer_pvp,mobile,5,,
f5d1c8415ced,player_0058,player_0058_s1,2026-07-19T15:49:01Z,quest_accept,quest_castle_siege,multiplayer_pvp,mobile,5,,
1a970b968ada,player_0058,player_0058_s1,2026-07-19T15:49:50Z,quest_abandon,quest_dragon_hunt,multiplayer_pvp,mobile,5,,
0c51184fc0e3,player_0058,player_0058_s1,2026-07-19T15:53:21Z,item_pickup,level_1,multiplayer_pvp,mobile,5,,
a8f77b65754b,player_0058,player_0058_s1,2026-07-19T15:53:58Z,level_complete,level_1,multiplayer_pvp,mobile,5,,
ac8a410ca81d,player_0058,player_0058_s1,2026-07-19T15:55:51Z,level_fail,level_1,multiplayer_pvp,mobile,5,,
f65871a3615e,player_0058,player_0058_s1,2026-07-19T15:58:50Z,achievement_unlocked,level_1,multiplayer_pvp,mobile,5,61,
437b6776cd97,player_0058,player_0058_s1,2026-07-19T16:00:40Z,session_end,lobby,multiplayer_pvp,mobile,5,,
006f80152a6f,player_0063,player_0063_s3,2026-07-19T23:26:39Z,session_start,lobby,singleplayer,pc,1,,
6ef3a5cffb34,player_0063,player_0063_s3,2026-07-19T23:28:36Z,matchmaking_complete,lobby,singleplayer,pc,1,,
da4fe7bfa2ca,player_0063,player_0063_s3,2026-07-19T23:29:49Z,level_fail,level_3,singleplayer,pc,1,,
7bf390a5798d,player_0063,player_0063_s3,2026-07-19T23:33:22Z,enemy_kill,quest_forest_rescue,singleplayer,pc,1,1,
00d016c6602a,player_0063,player_0063_s3,2026-07-19T23:33:56Z,level_up,quest_forest_rescue,singleplayer,pc,2,509,
71ee61869d2f,player_0063,player_0063_s3,2026-07-19T23:35:57Z,item_sell,quest_forest_rescue,singleplayer,pc,2,432,
397b3af1d37b,player_0063,player_0063_s3,2026-07-19T23:37:40Z,friend_request_sent,quest_forest_rescue,singleplayer,pc,2,,
830f62d6b733,player_0063,player_0063_s3,2026-07-19T23:41:09Z,achievement_unlocked,quest_forest_rescue,singleplayer,pc,2,176,
3023004370af,player_0063,player_0063_s3,2026-07-19T23:45:00Z,quest_abandon,quest_forest_rescue,singleplayer,pc,2,,
10ad2a6b73d1,player_0063,player_0063_s3,2026-07-19T23:45:33Z,quest_complete,quest_forest_rescue,singleplayer,pc,2,406,
ee28b90a8ba1,player_0063,player_0063_s3,2026-07-19T23:47:10Z,session_end,lobby,singleplayer,pc,2,,
60057b069d08,player_0034,player_0034_s1,2026-07-20T11:27:05Z,session_start,lobby,multiplayer_pvp,mobile,2,,
d79aebd5a4ca,player_0034,player_0034_s1,2026-07-20T11:28:52Z,afk_timeout,level_3,multiplayer_pvp,mobile,2,,
4190a25e33ac,player_0034,player_0034_s1,2026-07-20T11:29:21Z,quest_abandon,quest_dragon_hunt,multiplayer_pvp,mobile,2,,
4d03d736b332,player_0034,player_0034_s1,2026-07-20T11:31:28Z,enemy_kill,level_3,multiplayer_pvp,mobile,2,1,
18b940391b97,player_0034,player_0034_s1,2026-07-20T11:31:34Z,item_sell,level_3,multiplayer_pvp,mobile,2,201,
600bbf8d0765,player_0034,player_0034_s1,2026-07-20T11:32:39Z,chat_message,menu,multiplayer_pvp,mobile,2,,0
05442bb8c05c,player_0034,player_0034_s1,2026-07-20T11:34:01Z,matchmaking_start,lobby,multiplayer_pvp,mobile,2,,
f8659f733be1,player_0034,player_0034_s1,2026-07-20T11:37:11Z,matchmaking_start,lobby,multiplayer_pvp,mobile,2,,
5a628ca5494f,player_0034,player_0034_s1,2026-07-20T11:37:18Z,item_sell,level_3,multiplayer_pvp,,2,339,
2cc1b1b98683,player_0034,player_0034_s1,2026-07-20T11:38:55Z,item_purchase,level_3,multiplayer_pvp,mobile,2,36,
2d038ec1b5e8,player_0034,player_0034_s1,2026-07-20T11:41:50Z,quest_accept,quest_castle_siege,multiplayer_pvp,mobile,2,,
991e01586131,player_0034,player_0034_s1,2026-07-20T11:43:13Z,quest_abandon,quest_castle_siege,multiplayer_pvp,mobile,2,,
0683bbe01e03,player_0034,player_0034_s1,2026-07-20T11:46:13Z,party_join,lobby,multiplayer_pvp,mobile,2,,
302fbca48568,player_0034,player_0034_s1,2026-07-20T11:48:12Z,session_end,lobby,multiplayer_pvp,mobile,2,,
7a61c5ac7e99,player_0058,player_0058_s2,2026-07-21T00:04:03Z,session_start,lobby,multiplayer_coop,mobile,5,,
9ff15b864602,player_0058,player_0058_s2,2026-07-21T00:07:14Z,level_fail,level_1,multiplayer_coop,mobile,5,,
da9163a7c3ba,player_0058,player_0058_s2,2026-07-21T00:08:58Z,party_leave,lobby,multiplayer_coop,mobile,5,,
5f9dee966e64,player_0058,player_0058_s2,2026-07-21T00:10:44Z,party_leave,lobby,multiplayer_coop,mobile,5,,
ba94e5fdd6e7,player_0058,player_0058_s2,2026-07-21T00:12:12Z,item_sell,lobby,multiplayer_coop,mobile,5,271,
b9e5675871c7,player_0058,player_0058_s2,2026-07-21T00:14:14Z,level_start,level_5,multiplayer_coop,mobile,5,,
42cff74a54cd,player_0058,player_0058_s2,2026-07-21T00:16:49Z,party_join,lobby,multiplayer_coop,mobile,5,,
08527365e3dc,player_0058,player_0058_s2,2026-07-21T00:20:14Z,achievement_unlocked,lobby,multiplayer_coop,mobile,5,38,
e44f8dbb3f53,player_0058,player_0058_s2,2026-07-21T00:22:05Z,quest_complete,quest_dragon_hunt,multiplayer_coop,mobile,5,340,
1be53d59fc3a,player_0058,player_0058_s2,2026-07-21T00:23:25Z,session_end,lobby,multiplayer_coop,mobile,5,,
bd4e52e0118a,player_0034,player_0034_s2,2026-07-21T00:50:25Z,session_start,lobby,multiplayer_pvp,mobile,2,,
9e6ca51fcdb5,player_0034,player_0034_s2,2026-07-21T00:54:24Z,player_death,quest_goblin_camp,multiplayer_pvp,mobile,2,,
580492065396,player_0034,player_0034_s2,2026-07-21T00:56:03Z,matchmaking_complete,lobby,multiplayer_pvp,mobile,2,,
ee1a278dcd50,player_0034,player_0034_s2,2026-07-21T00:57:04Z,item_purchase,quest_goblin_camp,multiplayer_pvp,mobile,2,495,
d2acd452134e,player_0034,player_0034_s2,2026-07-21T00:57:43Z,friend_request_sent,quest_goblin_camp,multiplayer_pvp,mobile,2,,
e735cc3ab565,player_0034,player_0034_s2,2026-07-21T00:58:27Z,chat_message,quest_goblin_camp,multiplayer_pvp,mobile,2,,0
bd074b64a3b1,player_0034,player_0034_s2,2026-07-21T01:00:07Z,achievement_unlocked,quest_goblin_camp,multiplayer_pvp,mobile,2,189,
d3b264429b3b,player_0034,player_0034_s2,2026-07-21T01:02:32Z,friend_request_sent,quest_goblin_camp,multiplayer_pvp,mobile,2,,
8fd3184bcbd9,player_0034,player_0034_s2,2026-07-21T01:05:50Z,party_leave,lobby,multiplayer_pvp,mobile,2,,
b9cf29727dbf,player_0034,player_0034_s2,2026-07-21T01:09:20Z,afk_timeout,quest_goblin_camp,multiplayer_pvp,mobile,2,,
005e4b94dc9e,player_0021,player_0021_s1,2026-07-21T01:09:51Z,session_start,lobby,singleplayer,mobile,5,,
2c88bdc4c075,player_0021,player_0021_s1,2026-07-21T01:10:10Z,level_start,level_2,singleplayer,mobile,5,,
7b1ea2cfbf75,player_0021,player_0021_s1,2026-07-21T01:11:32Z,item_pickup,quest_goblin_camp,singleplayer,mobile,5,,
76e7fb243fb6,player_0034,player_0034_s2,2026-07-21T01:12:56Z,item_pickup,quest_goblin_camp,multiplayer_pvp,mobile,2,,
537587780ed6,player_0021,player_0021_s1,2026-07-21T01:14:53Z,quest_complete,quest_goblin_camp,singleplayer,mobile,5,441,
378f2dd286ee,player_0021,player_0021_s1,2026-07-21T01:16:03Z,player_death,quest_goblin_camp,singleplayer,mobile,5,,
6d042297c2a3,player_0034,player_0034_s2,2026-07-21T01:16:16Z,item_purchase,quest_goblin_camp,multiplayer_pvp,mobile,2,353,
dd1f1b1d3e21,player_0021,player_0021_s1,2026-07-21T01:17:31Z,quest_accept,quest_goblin_camp,singleplayer,mobile,5,,
dd1f1b1d3e21,player_0021,player_0021_s1,2026-07-21T01:17:31Z,quest_accept,quest_goblin_camp,singleplayer,mobile,5,,
de5fbdf121e3,player_0021,player_0021_s1,2026-07-21T01:17:37Z,friend_request_sent,quest_goblin_camp,singleplayer,mobile,5,,
8517fcab2c58,player_0034,player_0034_s2,2026-07-21T01:19:34Z,matchmaking_complete,lobby,multiplayer_pvp,mobile,2,,
d8ccca5f37f0,player_0021,player_0021_s1,2026-07-21T01:20:53Z,achievement_unlocked,quest_goblin_camp,singleplayer,mobile,5,54,
ea57aa32d50d,player_0021,player_0021_s1,2026-07-21T01:21:31Z,level_up,quest_goblin_camp,singleplayer,mobile,6,645,
ea57aa32d50d,player_0021,player_0021_s1,2026-07-21T01:21:31Z,level_up,quest_goblin_camp,singleplayer,mobile,6,645,
b739dc715ee7,player_0034,player_0034_s2,2026-07-21T01:23:22Z,level_fail,level_5,multiplayer_pvp,mobile,2,,
b581577a25e7,player_0021,player_0021_s1,2026-07-21T01:24:36Z,item_purchase,quest_goblin_camp,singleplayer,mobile,6,261,
ecf01b22996f,player_0034,player_0034_s2,2026-07-21T01:25:21Z,party_join,lobby,multiplayer_pvp,mobile,2,,
43a76d4d7c90,player_0021,player_0021_s1,2026-07-21T01:27:04Z,afk_timeout,quest_goblin_camp,singleplayer,mobile,6,,
6ca5924a50d4,player_0034,player_0034_s2,2026-07-21T01:28:26Z,damage_taken,quest_goblin_camp,multiplayer_pvp,mobile,2,10,
e5c19097b800,player_0021,player_0021_s1,2026-07-21T01:28:52Z,session_end,lobby,singleplayer,mobile,6,,
d6e4b3acab25,player_0034,player_0034_s2,2026-07-21T01:29:43Z,session_end,lobby,multiplayer_pvp,mobile,2,,
ecdcedf282bf,player_0031,player_0031_s2,2026-07-21T01:31:27Z,session_start,lobby,singleplayer,console,6,,
775cd6c2d76b,player_0031,player_0031_s2,2026-07-21T01:33:08Z,enemy_kill,level_1,singleplayer,console,6,1,
d396ca1eee29,player_0031,player_0031_s2,2026-07-21T01:35:10Z,party_leave,lobby,singleplayer,console,6,,
c4b571de1b6d,player_0031,player_0031_s2,2026-07-21T01:36:42Z,party_leave,lobby,singleplayer,console,6,,
4b24f9e0270a,player_0031,player_0031_s2,2026-07-21T01:38:17Z,afk_timeout,level_1,singleplayer,console,6,,
50568588d5d5,player_0031,player_0031_s2,2026-07-21T01:41:39Z,afk_timeout,level_1,singleplayer,console,6,,
f5e1ff7e3334,player_0031,player_0031_s2,2026-07-21T01:44:28Z,item_sell,level_1,singleplayer,console,6,317,
29e3a2b2c8ec,player_0031,player_0031_s2,2026-07-21T01:46:36Z,item_pickup,level_1,singleplayer,console,6,,
296a8801a731,player_0031,player_0031_s2,2026-07-21T01:47:44Z,item_sell,level_1,singleplayer,console,6,290,
ce6100be6014,player_0031,player_0031_s2,2026-07-21T01:49:05Z,item_purchase,level_1,singleplayer,console,6,487,
3316838b1cf3,player_0031,player_0031_s2,2026-07-21T01:50:26Z,player_death,level_1,singleplayer,console,6,,
573b1f35afed,player_0031,player_0031_s2,2026-07-21T01:53:31Z,item_pickup,level_1,singleplayer,console,6,,
30dd0e98e289,player_0031,player_0031_s2,2026-07-21T01:56:32Z,friend_request_sent,level_1,singleplayer,console,6,,
81295cd6c545,player_0031,player_0031_s2,2026-07-21T01:57:58Z,friend_request_sent,level_1,singleplayer,console,6,,
bcd7c9e0ccee,player_0031,player_0031_s2,2026-07-21T01:59:32Z,party_leave,lobby,singleplayer,console,6,,
9bf7863058d5,player_0031,player_0031_s2,2026-07-21T02:01:18Z,session_end,lobby,singleplayer,console,6,,
c518037eb61c,player_0045,player_0045_s1,2026-07-21T05:05:38Z,session_start,lobby,multiplayer_pvp,pc,4,,
e4f16b6a3623,player_0045,player_0045_s1,2026-07-21T05:06:54Z,damage_taken,quest_forest_rescue,multiplayer_pvp,pc,4,59,
fe0dce02a0e4,player_0045,player_0045_s1,2026-07-21T05:09:03Z,enemy_kill,quest_forest_rescue,multiplayer_pvp,pc,4,3,
09194101dadf,player_0045,player_0045_s1,2026-07-21T05:09:08Z,level_fail,,multiplayer_pvp,pc,4,,
16996c86dd51,player_0045,player_0045_s1,2026-07-21T05:11:55Z,afk_timeout,quest_forest_rescue,multiplayer_pvp,pc,4,,
b637a5476ebe,player_0045,player_0045_s1,2026-07-21T05:14:58Z,damage_taken,quest_forest_rescue,multiplayer_pvp,pc,4,9,
28183496d242,player_0045,player_0045_s1,2026-07-21T05:18:26Z,party_leave,lobby,multiplayer_pvp,,4,,
fcc26274c38a,player_0045,player_0045_s1,2026-07-21T05:20:12Z,item_pickup,quest_forest_rescue,multiplayer_pvp,pc,4,,
b5ad634a2e28,player_0045,player_0045_s1,2026-07-21T05:22:06Z,item_pickup,quest_forest_rescue,multiplayer_pvp,pc,4,,
a24dd3da83bc,player_0045,player_0045_s1,2026-07-21T05:24:17Z,item_sell,quest_forest_rescue,multiplayer_pvp,pc,4,170,
40d16022dbef,player_0045,player_0045_s1,2026-07-21T05:27:54Z,player_death,quest_forest_rescue,multiplayer_pvp,pc,4,,
7f7fb028f921,player_0078,player_0078_s4,2026-07-21T05:28:20Z,session_start,lobby,multiplayer_coop,console,8,,
dd2315b8e496,player_0045,player_0045_s1,2026-07-21T05:28:42Z,session_end,lobby,multiplayer_pvp,,4,,
5eb46463e5dc,player_0078,player_0078_s4,2026-07-21T05:32:12Z,chat_message,menu,multiplayer_coop,console,8,,0
e7273233703c,player_0078,player_0078_s4,2026-07-21T05:34:30Z,chat_message,menu,multiplayer_coop,console,8,,0
9c8895c44fcd,player_0078,player_0078_s4,2026-07-21T05:38:13Z,level_start,level_2,multiplayer_coop,console,8,,
7ab8f6bc7370,player_0078,player_0078_s4,2026-07-21T05:41:24Z,item_purchase,lobby,multiplayer_coop,console,8,343,
3da278b528e0,player_0078,player_0078_s4,2026-07-21T05:42:33Z,level_fail,level_2,multiplayer_coop,console,8,,
417c44cd683d,player_0078,player_0078_s4,2026-07-21T05:43:20Z,level_up,lobby,multiplayer_coop,console,9,205,
9a446a0c1a62,player_0078,player_0078_s4,2026-07-21T05:43:49Z,level_fail,level_4,multiplayer_coop,console,9,,
0eed6d0005cb,player_0078,player_0078_s4,2026-07-21T05:46:14Z,level_complete,level_1,multiplayer_coop,console,9,,
307ac2aef17b,player_0078,player_0078_s4,2026-07-21T05:49:36Z,level_up,lobby,multiplayer_coop,,10,636,
ddbfb0e35dde,player_0078,player_0078_s4,2026-07-21T05:52:56Z,level_fail,level_1,multiplayer_coop,console,10,,
2d282b998b5d,player_0078,player_0078_s4,2026-07-21T05:54:08Z,matchmaking_complete,lobby,multiplayer_coop,console,10,,
d9de9ec24b2a,player_0078,player_0078_s4,2026-07-21T05:54:52Z,level_fail,level_4,multiplayer_coop,console,10,,
9399562d9a25,player_0078,player_0078_s4,2026-07-21T05:56:16Z,item_purchase,lobby,multiplayer_coop,console,10,131,
38af9aae7e61,player_0078,player_0078_s4,2026-07-21T05:59:29Z,player_death,lobby,multiplayer_coop,console,10,,
4b58b6d58c4b,player_0078,player_0078_s4,2026-07-21T06:00:30Z,session_end,lobby,multiplayer_coop,console,10,,
29a11e53a45a,player_0021,player_0021_s2,2026-07-21T07:27:27Z,session_start,lobby,singleplayer,mobile,6,,
19449b728c74,player_0021,player_0021_s2,2026-07-21T07:27:36Z,chat_message,lobby,singleplayer,mobile,6,,0
bcf21170f3dd,player_0021,player_0021_s2,2026-07-21T07:30:08Z,achievement_unlocked,level_1,singleplayer,mobile,6,156,
ecdeca737680,player_0021,player_0021_s2,2026-07-21T07:31:56Z,rage_quit,level_1,singleplayer,mobile,6,,
d36f80412b28,player_0021,player_0021_s2,2026-07-21T07:33:47Z,player_death,level_1,singleplayer,mobile,6,,
e8f3047b9b35,player_0021,player_0021_s2,2026-07-21T07:34:21Z,level_up,level_1,singleplayer,mobile,7,121,
0c91964f99e3,player_0021,player_0021_s2,2026-07-21T07:35:49Z,quest_abandon,quest_goblin_camp,singleplayer,mobile,7,,
a857b79b559e,player_0021,player_0021_s2,2026-07-21T07:37:51Z,damage_taken,level_1,singleplayer,mobile,7,12,
bc14bc8a518e,player_0021,player_0021_s2,2026-07-21T07:39:47Z,quest_accept,quest_dragon_hunt,singleplayer,mobile,7,,
999a88f6b802,player_0021,player_0021_s2,2026-07-21T07:41:43Z,matchmaking_start,lobby,singleplayer,mobile,7,,
388e85bed41b,player_0021,player_0021_s2,2026-07-21T07:43:30Z,party_join,lobby,singleplayer,,7,,
fb4ccfc73687,player_0021,player_0021_s2,2026-07-21T07:43:55Z,level_up,level_1,singleplayer,,8,991,
817f3b0c6a82,player_0021,player_0021_s2,2026-07-21T07:45:19Z,enemy_kill,level_1,singleplayer,mobile,8,1,
52f009bcd480,player_0021,player_0021_s2,2026-07-21T07:46:49Z,quest_abandon,quest_forest_rescue,singleplayer,mobile,8,,
618cc499ffc9,player_0021,player_0021_s2,2026-07-21T07:49:04Z,rage_quit,level_1,singleplayer,mobile,8,,
d2fcb086aac4,player_0021,player_0021_s2,2026-07-21T07:49:38Z,party_join,lobby,singleplayer,mobile,8,,
97808c511931,player_0021,player_0021_s2,2026-07-21T07:50:48Z,session_end,,singleplayer,mobile,8,,
31d50d4555af,player_0026,player_0026_s2,2026-07-21T08:00:54Z,session_start,lobby,multiplayer_coop,pc,6,,
e092cc4c6475,player_0026,player_0026_s2,2026-07-21T08:04:52Z,damage_taken,level_4,multiplayer_coop,pc,6,79,
55ad49c478fc,player_0026,player_0026_s2,2026-07-21T08:06:48Z,item_sell,level_4,multiplayer_coop,pc,6,332,
83e04f6b8edc,player_0026,player_0026_s2,2026-07-21T08:10:15Z,level_complete,level_4,multiplayer_coop,pc,6,,
222231213721,player_0026,player_0026_s2,2026-07-21T08:10:39Z,afk_timeout,level_4,multiplayer_coop,pc,6,,
5945589c9969,player_0026,player_0026_s2,2026-07-21T08:12:05Z,session_end,lobby,multiplayer_coop,pc,6,,
77b2af6c6006,player_0063,player_0063_s4,2026-07-21T16:53:34Z,session_start,lobby,singleplayer,pc,2,,
e4d7e70c9f13,player_0063,player_0063_s4,2026-07-21T16:56:10Z,friend_request_sent,quest_forest_rescue,singleplayer,pc,2,,
807437516cad,player_0063,player_0063_s4,2026-07-21T16:59:40Z,matchmaking_start,lobby,singleplayer,pc,2,,
4fc7fd8aa5dd,player_0063,player_0063_s4,2026-07-21T17:02:38Z,chat_message,lobby,singleplayer,pc,2,,0
bf6f19fda5a3,player_0063,player_0063_s4,2026-07-21T17:06:02Z,damage_taken,quest_forest_rescue,singleplayer,pc,2,79,
4a99e9c627f3,player_0063,player_0063_s4,2026-07-21T17:06:14Z,afk_timeout,quest_forest_rescue,singleplayer,pc,2,,
f7cc91528171,player_0063,player_0063_s4,2026-07-21T17:08:11Z,session_end,lobby,singleplayer,pc,2,,
4a82e3cfd368,player_0066,player_0066_s2,2026-07-21T20:21:27Z,session_start,lobby,multiplayer_coop,mobile,4,,
e1b851090dd3,player_0066,player_0066_s2,2026-07-21T20:24:46Z,damage_taken,tutorial,multiplayer_coop,mobile,4,72,
6ef0213602d0,player_0066,player_0066_s2,2026-07-21T20:26:53Z,matchmaking_start,lobby,multiplayer_coop,mobile,4,,
d022c3e884f3,player_0066,player_0066_s2,2026-07-21T20:29:24Z,afk_timeout,tutorial,multiplayer_coop,mobile,4,,
264f4722bf07,player_0066,player_0066_s2,2026-07-21T20:32:30Z,achievement_unlocked,tutorial,multiplayer_coop,mobile,4,182,
a80d4c638772,player_0066,player_0066_s2,2026-07-21T20:35:46Z,party_leave,lobby,multiplayer_coop,mobile,4,,
8cf0b260a172,player_0066,player_0066_s2,2026-07-21T20:37:04Z,achievement_unlocked,,multiplayer_coop,mobile,4,13,
8ea04b473928,player_0066,player_0066_s2,2026-07-21T20:39:22Z,quest_accept,quest_forest_rescue,multiplayer_coop,mobile,4,,
9ccab2dca6de,player_0066,player_0066_s2,2026-07-21T20:41:04Z,quest_complete,quest_forest_rescue,multiplayer_coop,mobile,4,393,
907c3e74bbb4,player_0066,player_0066_s2,2026-07-21T20:41:23Z,item_pickup,tutorial,multiplayer_coop,mobile,4,,
4452b611b08b,player_0066,player_0066_s2,2026-07-21T20:42:02Z,session_end,lobby,multiplayer_coop,mobile,4,,
92723668c7a7,player_0068,player_0068_s1,2026-07-21T21:45:29Z,session_start,lobby,singleplayer,console,4,,
06595135a8a5,player_0068,player_0068_s1,2026-07-21T21:46:16Z,party_leave,lobby,singleplayer,console,4,,
26521d0003b6,player_0068,player_0068_s1,2026-07-21T21:48:37Z,level_start,level_3,singleplayer,console,4,,
6f5bf9e23d95,player_0068,player_0068_s1,2026-07-21T21:51:22Z,level_fail,level_3,singleplayer,console,4,,
1dc078aca861,player_0068,player_0068_s1,2026-07-21T21:52:20Z,afk_timeout,level_3,singleplayer,console,4,,
778fb9b65434,player_0068,player_0068_s1,2026-07-21T21:55:06Z,item_pickup,level_3,singleplayer,console,4,,
c676b07f81c6,player_0068,player_0068_s1,2026-07-21T21:57:01Z,session_end,lobby,singleplayer,console,4,,
d3d58a5b48a9,player_0074,player_0074_s1,2026-07-22T17:03:15Z,session_start,lobby,singleplayer,mobile,3,,
178a0b428be9,player_0074,player_0074_s1,2026-07-22T17:03:24Z,item_pickup,level_5,singleplayer,mobile,3,,
7a525e8f57fb,player_0074,player_0074_s1,2026-07-22T17:05:42Z,party_join,lobby,singleplayer,mobile,3,,
9f2dcbd40e12,player_0074,player_0074_s1,2026-07-22T17:08:42Z,achievement_unlocked,level_5,singleplayer,mobile,3,48,
73892154f357,player_0074,player_0074_s1,2026-07-22T17:11:22Z,quest_accept,quest_dragon_hunt,singleplayer,mobile,3,,
c234cef4f34c,player_0074,player_0074_s1,2026-07-22T17:13:28Z,matchmaking_complete,lobby,singleplayer,mobile,3,,
d29eab262b3a,player_0074,player_0074_s1,2026-07-22T17:16:06Z,level_complete,level_5,singleplayer,mobile,3,,
6f2f6dbfc624,player_0074,player_0074_s1,2026-07-22T17:19:55Z,party_leave,lobby,singleplayer,mobile,3,,
eebfe5a8d5ae,player_0074,player_0074_s1,2026-07-22T17:22:08Z,quest_accept,quest_forest_rescue,singleplayer,mobile,3,,
186c93946a6b,player_0074,player_0074_s1,2026-07-22T17:24:16Z,afk_timeout,level_5,singleplayer,mobile,3,,
0df14babbec2,player_0074,player_0074_s1,2026-07-22T17:24:54Z,matchmaking_complete,lobby,singleplayer,mobile,3,,
586d53cfb767,player_0074,player_0074_s1,2026-07-22T17:26:08Z,session_end,lobby,singleplayer,mobile,3,,
3f99c181be28,player_0022,player_0022_s1,2026-07-22T22:58:32Z,session_start,lobby,multiplayer_coop,console,5,,
3f99c181be28,player_0022,player_0022_s1,2026-07-22T22:58:32Z,session_start,lobby,multiplayer_coop,console,5,,
41722884dc4d,player_0022,player_0022_s1,2026-07-22T23:02:04Z,enemy_kill,quest_goblin_camp,multiplayer_coop,console,5,3,
be143a7c6a9e,player_0022,player_0022_s1,2026-07-22T23:02:30Z,party_join,lobby,multiplayer_coop,console,5,,
4482f8c72894,player_0022,player_0022_s1,2026-07-22T23:05:20Z,quest_abandon,quest_goblin_camp,multiplayer_coop,console,5,,
009d089c82e5,player_0022,player_0022_s1,2026-07-22T23:05:35Z,item_purchase,quest_goblin_camp,multiplayer_coop,console,5,367,
a480c2ebadc1,player_0022,player_0022_s1,2026-07-22T23:06:36Z,session_end,lobby,multiplayer_coop,console,5,,
fdb328fbde77,player_0058,player_0058_s3,2026-07-23T07:16:58Z,session_start,lobby,multiplayer_coop,mobile,5,,
a9bebb894aa1,player_0058,player_0058_s3,2026-07-23T07:17:28Z,player_death,quest_dragon_hunt,multiplayer_coop,mobile,5,,
ef085e9aaa3c,player_0058,player_0058_s3,2026-07-23T07:21:15Z,party_leave,lobby,multiplayer_coop,mobile,5,,
6e94ba0a098c,player_0058,player_0058_s3,2026-07-23T07:25:05Z,damage_taken,quest_dragon_hunt,multiplayer_coop,mobile,5,53,
400a737b760c,player_0058,player_0058_s3,2026-07-23T07:26:17Z,level_up,quest_dragon_hunt,multiplayer_coop,mobile,6,770,
67ac4aac5d1d,player_0058,player_0058_s3,2026-07-23T07:28:26Z,matchmaking_start,lobby,multiplayer_coop,mobile,6,,
6186b85149db,player_0058,player_0058_s3,2026-07-23T07:29:48Z,session_end,lobby,multiplayer_coop,mobile,6,,
cb1d6ec7cc7d,player_0031,player_0031_s3,2026-07-23T09:55:42Z,session_start,,multiplayer_coop,console,6,,
480f55f23757,player_0031,player_0031_s3,2026-07-23T09:58:06Z,level_up,quest_castle_siege,multiplayer_coop,console,7,504,
3a6ab4336626,player_0031,player_0031_s3,2026-07-23T10:01:40Z,damage_taken,quest_castle_siege,multiplayer_coop,console,7,99,
ef7731275be0,player_0031,player_0031_s3,2026-07-23T10:05:10Z,quest_complete,quest_castle_siege,multiplayer_coop,console,7,198,
48d7736eedb0,player_0031,player_0031_s3,2026-07-23T10:05:25Z,player_death,quest_castle_siege,multiplayer_coop,console,7,,
6dfca0db479c,player_0031,player_0031_s3,2026-07-23T10:08:32Z,level_fail,level_3,multiplayer_coop,console,7,,
21a823dbc696,player_0031,player_0031_s3,2026-07-23T10:09:33Z,session_end,lobby,multiplayer_coop,console,7,,
21a823dbc696,player_0031,player_0031_s3,2026-07-23T10:09:33Z,session_end,lobby,multiplayer_coop,console,7,,
d8604ebbff8d,player_0003,player_0003_s1,2026-07-23T14:39:14Z,session_start,lobby,multiplayer_coop,mobile,2,,
7fa44a14ab59,player_0003,player_0003_s1,2026-07-23T14:39:54Z,party_join,lobby,multiplayer_coop,mobile,2,,
ae4aafa01482,player_0003,player_0003_s1,2026-07-23T14:42:05Z,level_fail,level_1,multiplayer_coop,mobile,2,,
46d7e9c10ecb,player_0003,player_0003_s1,2026-07-23T14:45:50Z,quest_accept,quest_dragon_hunt,multiplayer_coop,mobile,2,,
5898976e0296,player_0003,player_0003_s1,2026-07-23T14:48:35Z,quest_abandon,quest_castle_siege,multiplayer_coop,mobile,2,,
9fd0d5be701d,player_0003,player_0003_s1,2026-07-23T14:51:12Z,level_fail,level_4,multiplayer_coop,mobile,2,,
5bf7bf58223b,player_0003,player_0003_s1,2026-07-23T14:52:54Z,matchmaking_complete,lobby,multiplayer_coop,mobile,2,,
90c5f35f3c30,player_0003,player_0003_s1,2026-07-23T14:54:58Z,party_join,lobby,multiplayer_coop,mobile,2,,
91ff9c0c7a5b,player_0003,player_0003_s1,2026-07-23T14:56:07Z,party_leave,lobby,multiplayer_coop,mobile,2,,
2682c2c6e792,player_0003,player_0003_s1,2026-07-23T14:59:52Z,level_start,level_1,multiplayer_coop,mobile,2,,
f313d5e8a9ba,player_0003,player_0003_s1,2026-07-23T15:02:51Z,party_leave,lobby,multiplayer_coop,mobile,2,,
6f77867f6dba,player_0003,player_0003_s1,2026-07-23T15:04:32Z,session_end,lobby,multiplayer_coop,,2,,
4b4c2577b654,player_0021,player_0021_s3,2026-07-24T06:13:13Z,session_start,lobby,singleplayer,mobile,8,,
abe336d5a3fa,player_0021,player_0021_s3,2026-07-24T06:16:47Z,rage_quit,level_3,singleplayer,mobile,8,,
b80583739643,player_0021,player_0021_s3,2026-07-24T06:20:20Z,quest_complete,quest_dragon_hunt,singleplayer,mobile,8,102,
b16909f6a9ce,player_0021,player_0021_s3,2026-07-24T06:21:02Z,item_sell,level_3,singleplayer,mobile,8,106,
f5786acf2861,player_0021,player_0021_s3,2026-07-24T06:21:51Z,matchmaking_complete,lobby,singleplayer,mobile,8,,
b3c065f119f1,player_0021,player_0021_s3,2026-07-24T06:22:35Z,rage_quit,,singleplayer,mobile,8,,
5d7ac35462d2,player_0021,player_0021_s3,2026-07-24T06:22:59Z,quest_abandon,quest_castle_siege,singleplayer,mobile,8,,
df8dbbe61d9f,player_0021,player_0021_s3,2026-07-24T06:25:02Z,matchmaking_start,lobby,singleplayer,mobile,8,,
289f93ff53e4,player_0021,player_0021_s3,2026-07-24T06:28:21Z,matchmaking_start,lobby,singleplayer,mobile,8,,
960568e6826c,player_0021,player_0021_s3,2026-07-24T06:30:20Z,afk_timeout,level_3,singleplayer,mobile,8,,
cdb782e7ea24,player_0021,player_0021_s3,2026-07-24T06:32:17Z,session_end,lobby,singleplayer,mobile,8,,
e70dc4c61feb,player_0031,player_0031_s4,2026-07-24T07:09:13Z,session_start,lobby,multiplayer_coop,console,7,,
8a0026cc23c8,player_0031,player_0031_s4,2026-07-24T07:11:35Z,item_sell,level_1,multiplayer_coop,console,7,482,
b5a1910dba49,player_0031,player_0031_s4,2026-07-24T07:14:03Z,item_sell,level_1,multiplayer_coop,console,7,75,
541ead437a5d,player_0031,player_0031_s4,2026-07-24T07:14:35Z,matchmaking_complete,lobby,multiplayer_coop,console,7,,
12151d60e889,player_0031,player_0031_s4,2026-07-24T07:17:49Z,matchmaking_start,lobby,multiplayer_coop,console,7,,
cb67a8fe9d4d,player_0031,player_0031_s4,2026-07-24T07:18:55Z,item_purchase,level_1,multiplayer_coop,console,7,30,
779c2ea6ee04,player_0031,player_0031_s4,2026-07-24T07:21:51Z,party_join,lobby,multiplayer_coop,console,7,,
75f0f438cba8,player_0031,player_0031_s4,2026-07-24T07:22:53Z,rage_quit,level_1,multiplayer_coop,console,7,,
f6b72b59adc9,player_0031,player_0031_s4,2026-07-24T07:23:27Z,session_end,lobby,multiplayer_coop,console,7,,
d8128bec58c3,player_0026,player_0026_s3,2026-07-24T08:41:31Z,session_start,,multiplayer_coop,pc,6,,
a451a789dc7a,player_0026,player_0026_s3,2026-07-24T08:42:16Z,level_start,level_3,multiplayer_coop,pc,6,,
a451a789dc7a,player_0026,player_0026_s3,2026-07-24T08:42:16Z,level_start,level_3,multiplayer_coop,pc,6,,
02f88f102dbd,player_0026,player_0026_s3,2026-07-24T08:42:57Z,matchmaking_complete,lobby,multiplayer_coop,pc,6,,
d8fd3c4139cb,player_0026,player_0026_s3,2026-07-24T08:45:55Z,chat_message,lobby,multiplayer_coop,pc,6,,0
6c75f305ba9f,player_0026,player_0026_s3,2026-07-24T08:47:00Z,rage_quit,level_3,multiplayer_coop,pc,6,,
3b6d0c6ae388,player_0026,player_0026_s3,2026-07-24T08:48:38Z,damage_taken,level_3,multiplayer_coop,pc,6,50,
6c1af7025a18,player_0026,player_0026_s3,2026-07-24T08:51:08Z,level_complete,level_3,multiplayer_coop,pc,6,,
f4fac592c6a9,player_0026,player_0026_s3,2026-07-24T08:53:47Z,quest_complete,quest_castle_siege,multiplayer_coop,pc,6,239,
64d4adfa9f6f,player_0026,player_0026_s3,2026-07-24T08:55:27Z,chat_message,lobby,multiplayer_coop,pc,6,,0
59c6b0f6b4c6,player_0026,player_0026_s3,2026-07-24T08:57:47Z,damage_taken,level_3,multiplayer_coop,pc,6,51,
f125a458a883,player_0026,player_0026_s3,2026-07-24T08:59:12Z,rage_quit,level_3,multiplayer_coop,pc,6,,
fd0c9b3eb1d7,player_0026,player_0026_s3,2026-07-24T09:00:28Z,item_purchase,level_3,multiplayer_coop,pc,6,496,
942013d4c457,player_0026,player_0026_s3,2026-07-24T09:01:02Z,level_start,level_3,multiplayer_coop,pc,6,,
36c479ec45d5,player_0026,player_0026_s3,2026-07-24T09:04:15Z,quest_abandon,quest_castle_siege,multiplayer_coop,pc,6,,
798a5edaea84,player_0026,player_0026_s3,2026-07-24T09:06:32Z,level_up,level_3,multiplayer_coop,pc,7,675,
ac6cfcde41cb,player_0026,player_0026_s3,2026-07-24T09:07:07Z,item_sell,level_3,multiplayer_coop,pc,7,401,
296e3e09a8f1,player_0026,player_0026_s3,2026-07-24T09:08:18Z,chat_message,lobby,multiplayer_coop,pc,7,,0
5ebe8b4ba8c9,player_0026,player_0026_s3,2026-07-24T09:08:59Z,session_end,lobby,multiplayer_coop,pc,7,,
59241cc3b222,player_0074,player_0074_s2,2026-07-24T10:58:48Z,session_start,,multiplayer_pvp,mobile,3,,
cc58c392f752,player_0074,player_0074_s2,2026-07-24T11:02:36Z,level_complete,level_3,multiplayer_pvp,mobile,3,,
3f522954a037,player_0074,player_0074_s2,2026-07-24T11:05:39Z,party_join,lobby,multiplayer_pvp,mobile,3,,
f12deaf92095,player_0074,player_0074_s2,2026-07-24T11:07:33Z,item_purchase,level_3,multiplayer_pvp,mobile,3,485,
4fb01bd4d4d0,player_0074,player_0074_s2,2026-07-24T11:11:03Z,friend_request_sent,level_3,multiplayer_pvp,mobile,3,,
f348178dc2b2,player_0074,player_0074_s2,2026-07-24T11:14:30Z,level_up,level_3,multiplayer_pvp,mobile,4,458,
50c8f5c76f37,player_0074,player_0074_s2,2026-07-24T11:17:05Z,matchmaking_start,lobby,multiplayer_pvp,mobile,4,,
febabec7c9a6,player_0074,player_0074_s2,2026-07-24T11:17:35Z,achievement_unlocked,level_3,multiplayer_pvp,mobile,4,44,
3e002b4850a1,player_0074,player_0074_s2,2026-07-24T11:18:45Z,friend_request_sent,level_3,multiplayer_pvp,mobile,4,,
1b8ff49f5876,player_0074,player_0074_s2,2026-07-24T11:22:06Z,item_purchase,level_3,multiplayer_pvp,mobile,4,470,
7276146d0c5a,player_0074,player_0074_s2,2026-07-24T11:25:50Z,level_fail,level_3,multiplayer_pvp,mobile,4,,
4fd68af1db5e,player_0074,player_0074_s2,2026-07-24T11:27:07Z,matchmaking_complete,lobby,multiplayer_pvp,mobile,4,,
a57d56542219,player_0074,player_0074_s2,2026-07-24T11:30:56Z,party_leave,lobby,multiplayer_pvp,mobile,4,,
07d4773d38b5,player_0074,player_0074_s2,2026-07-24T11:31:53Z,session_end,lobby,multiplayer_pvp,mobile,4,,
893a33e472c4,player_0066,player_0066_s3,2026-07-24T14:56:21Z,session_start,lobby,multiplayer_pvp,mobile,4,,
e82c06641119,player_0066,player_0066_s3,2026-07-24T14:57:03Z,level_complete,level_3,multiplayer_pvp,mobile,4,,
91e3e2e6f777,player_0066,player_0066_s3,2026-07-24T14:58:00Z,party_leave,lobby,multiplayer_pvp,mobile,4,,
6c086f54e506,player_0066,player_0066_s3,2026-07-24T14:58:13Z,damage_taken,quest_forest_rescue,multiplayer_pvp,mobile,4,58,
8236d85484e3,player_0066,player_0066_s3,2026-07-24T14:58:44Z,matchmaking_complete,lobby,multiplayer_pvp,mobile,4,,
94367bd0b2de,player_0066,player_0066_s3,2026-07-24T15:02:31Z,afk_timeout,quest_forest_rescue,multiplayer_pvp,mobile,4,,
110be45109a1,player_0066,player_0066_s3,2026-07-24T15:05:45Z,party_leave,lobby,multiplayer_pvp,mobile,4,,
8f76cf28434f,player_0066,player_0066_s3,2026-07-24T15:09:31Z,item_purchase,quest_forest_rescue,multiplayer_pvp,mobile,4,385,
d2cbf4962d1d,player_0066,player_0066_s3,2026-07-24T15:12:21Z,party_leave,lobby,multiplayer_pvp,mobile,4,,
47e29dcdd74f,player_0066,player_0066_s3,2026-07-24T15:13:15Z,session_end,lobby,multiplayer_pvp,mobile,4,,
7ab626013b7e,player_0045,player_0045_s2,2026-07-24T15:36:22Z,session_start,lobby,multiplayer_coop,pc,4,,
7566ced614cd,player_0045,player_0045_s2,2026-07-24T15:39:48Z,enemy_kill,quest_castle_siege,multiplayer_coop,pc,4,3,
34b9412a1dae,player_0045,player_0045_s2,2026-07-24T15:43:08Z,level_complete,level_1,multiplayer_coop,pc,4,,
466e010f1c77,player_0045,player_0045_s2,2026-07-24T15:43:38Z,rage_quit,quest_castle_siege,multiplayer_coop,pc,4,,
5bec77efe254,player_0045,player_0045_s2,2026-07-24T15:47:03Z,chat_message,lobby,multiplayer_coop,pc,4,,0
d6b32d3049fd,player_0045,player_0045_s2,2026-07-24T15:50:47Z,quest_abandon,quest_castle_siege,multiplayer_coop,pc,4,,
ca80c2296a49,player_0045,player_0045_s2,2026-07-24T15:52:44Z,chat_message,lobby,multiplayer_coop,pc,4,,0
fde5952b0c7b,player_0045,player_0045_s2,2026-07-24T15:54:38Z,item_pickup,quest_castle_siege,multiplayer_coop,pc,4,,
5a7f0542ee57,player_0045,player_0045_s2,2026-07-24T15:57:39Z,quest_complete,quest_castle_siege,multiplayer_coop,pc,4,382,
433d0906c882,player_0045,player_0045_s2,2026-07-24T15:59:01Z,quest_abandon,quest_castle_siege,multiplayer_coop,pc,4,,
8ce79c68db86,player_0045,player_0045_s2,2026-07-24T16:02:49Z,item_sell,,multiplayer_coop,pc,4,52,
c0e90b5e2754,player_0045,player_0045_s2,2026-07-24T16:05:41Z,damage_taken,quest_castle_siege,multiplayer_coop,pc,4,33,
49f2179dc861,player_0045,player_0045_s2,2026-07-24T16:06:07Z,damage_taken,quest_castle_siege,multiplayer_coop,,4,86,
b18986956746,player_0045,player_0045_s2,2026-07-24T16:10:03Z,rage_quit,quest_castle_siege,multiplayer_coop,pc,4,,
deecd3db2a95,player_0045,player_0045_s2,2026-07-24T16:10:29Z,session_end,lobby,multiplayer_coop,pc,4,,
b393a7fd9235,player_0003,player_0003_s2,2026-07-24T20:39:53Z,session_start,lobby,singleplayer,mobile,2,,
3bbaf3bece1d,player_0003,player_0003_s2,2026-07-24T20:40:38Z,chat_message,lobby,singleplayer,,2,,0
52eef9b3ab5f,player_0003,player_0003_s2,2026-07-24T20:44:27Z,item_sell,level_2,singleplayer,mobile,2,261,
a10128861970,player_0003,player_0003_s2,2026-07-24T20:47:47Z,quest_abandon,quest_goblin_camp,singleplayer,mobile,2,,
da7ff22140ca,player_0003,player_0003_s2,2026-07-24T20:51:45Z,quest_accept,quest_lost_relic,singleplayer,mobile,2,,
44bf30c02cd4,player_0003,player_0003_s2,2026-07-24T20:55:25Z,rage_quit,level_2,singleplayer,mobile,2,,
2d8c15717fce,player_0003,player_0003_s2,2026-07-24T20:56:34Z,session_end,lobby,singleplayer,mobile,2,,
4f58eff22875,player_0033,player_0033_s1,2026-07-24T23:20:06Z,session_start,lobby,multiplayer_coop,console,1,,
dc0535efbe02,player_0058,player_0058_s4,2026-07-24T23:22:34Z,session_start,lobby,multiplayer_coop,mobile,6,,
6074ad546576,player_0033,player_0033_s1,2026-07-24T23:22:55Z,party_leave,lobby,multiplayer_coop,console,1,,
cf9929b887c9,player_0033,player_0033_s1,2026-07-24T23:25:14Z,friend_request_sent,level_2,multiplayer_coop,console,1,,
9045e3ca922a,player_0058,player_0058_s4,2026-07-24T23:25:17Z,matchmaking_complete,lobby,multiplayer_coop,mobile,6,,
32bbcdf6a7be,player_0058,player_0058_s4,2026-07-24T23:28:16Z,level_up,quest_dragon_hunt,multiplayer_coop,,7,139,
e7f126c68932,player_0033,player_0033_s1,2026-07-24T23:29:06Z,quest_complete,quest_goblin_camp,multiplayer_coop,console,1,289,
8f42bb87381e,player_0058,player_0058_s4,2026-07-24T23:30:02Z,enemy_kill,quest_dragon_hunt,multiplayer_coop,mobile,7,3,
537bf581ac5a,player_0033,player_0033_s1,2026-07-24T23:30:20Z,item_pickup,level_2,multiplayer_coop,console,1,,
68b765c818c0,player_0058,player_0058_s4,2026-07-24T23:31:07Z,level_complete,level_4,multiplayer_coop,mobile,7,,
ae72bc999a03,player_0033,player_0033_s1,2026-07-24T23:33:52Z,quest_accept,quest_lost_relic,multiplayer_coop,console,1,,
5a19cae334b2,player_0033,player_0033_s1,2026-07-24T23:34:38Z,chat_message,level_2,multiplayer_coop,console,1,,0
bacc2dd384f7,player_0058,player_0058_s4,2026-07-24T23:35:07Z,item_sell,quest_dragon_hunt,multiplayer_coop,mobile,7,464,
b5c360dff5ac,player_0033,player_0033_s1,2026-07-24T23:35:30Z,level_start,level_2,multiplayer_coop,console,1,,
e4b134eafe00,player_0058,player_0058_s4,2026-07-24T23:36:47Z,level_start,level_3,multiplayer_coop,mobile,7,,
1c59ecc8cdc9,player_0033,player_0033_s1,2026-07-24T23:38:43Z,enemy_kill,level_2,multiplayer_coop,console,1,2,
31bc11ce0b8f,player_0033,player_0033_s1,2026-07-24T23:40:00Z,session_end,lobby,multiplayer_coop,,1,,
04ac6d73e4a4,player_0058,player_0058_s4,2026-07-24T23:40:21Z,player_death,quest_dragon_hunt,multiplayer_coop,mobile,7,,
cee4183cf84d,player_0058,player_0058_s4,2026-07-24T23:41:45Z,item_sell,quest_dragon_hunt,multiplayer_coop,mobile,7,436,
7cc86f84ad53,player_0058,player_0058_s4,2026-07-24T23:42:52Z,session_end,lobby,multiplayer_coop,,7,,
d6bcd8b7397c,player_0022,player_0022_s2,2026-07-25T10:25:54Z,session_start,lobby,multiplayer_pvp,console,5,,
3c6b304667a3,player_0022,player_0022_s2,2026-07-25T10:27:32Z,damage_taken,level_4,multiplayer_pvp,console,5,37,
6c09ebf0a735,player_0022,player_0022_s2,2026-07-25T10:29:16Z,achievement_unlocked,level_4,multiplayer_pvp,console,5,96,
19445807ff12,player_0022,player_0022_s2,2026-07-25T10:32:14Z,matchmaking_complete,lobby,multiplayer_pvp,console,5,,
6548b82f9a9f,player_0022,player_0022_s2,2026-07-25T10:32:32Z,rage_quit,level_4,multiplayer_pvp,console,5,,
dede742a7a26,player_0022,player_0022_s2,2026-07-25T10:35:22Z,enemy_kill,level_4,multiplayer_pvp,console,5,1,
350ffa708080,player_0022,player_0022_s2,2026-07-25T10:36:51Z,quest_accept,quest_goblin_camp,multiplayer_pvp,console,5,,
d7e8d0a02b07,player_0022,player_0022_s2,2026-07-25T10:39:49Z,level_up,level_4,multiplayer_pvp,console,6,390,
d7e8d0a02b07,player_0022,player_0022_s2,2026-07-25T10:39:49Z,level_up,level_4,multiplayer_pvp,console,6,390,
9f0a388f040b,player_0022,player_0022_s2,2026-07-25T10:40:58Z,afk_timeout,level_4,multiplayer_pvp,console,6,,
60a5137a1571,player_0022,player_0022_s2,2026-07-25T10:44:55Z,matchmaking_complete,lobby,multiplayer_pvp,console,6,,
538e4b06859b,player_0022,player_0022_s2,2026-07-25T10:48:43Z,quest_complete,quest_lost_relic,multiplayer_pvp,console,6,91,
7100cdd62935,player_0022,player_0022_s2,2026-07-25T10:51:17Z,afk_timeout,level_4,multiplayer_pvp,console,6,,
6aadb1e7cea5,player_0022,player_0022_s2,2026-07-25T10:51:58Z,damage_taken,level_4,multiplayer_pvp,console,6,40,
5931b681dfaf,player_0022,player_0022_s2,2026-07-25T10:53:26Z,session_end,lobby,multiplayer_pvp,console,6,,
aebf6b5c099e,player_0048,player_0048_s1,2026-07-25T12:29:04Z,session_start,lobby,multiplayer_coop,mobile,4,,
eaf5e2ec4780,player_0048,player_0048_s1,2026-07-25T12:29:29Z,party_join,lobby,multiplayer_coop,mobile,4,,
d8289802b9eb,player_0048,player_0048_s1,2026-07-25T12:33:29Z,item_pickup,quest_goblin_camp,multiplayer_coop,mobile,4,,
0ae992c1fdef,player_0048,player_0048_s1,2026-07-25T12:37:00Z,quest_complete,quest_goblin_camp,multiplayer_coop,mobile,4,324,
6005cafb81e8,player_0048,player_0048_s1,2026-07-25T12:38:28Z,level_up,quest_goblin_camp,multiplayer_coop,mobile,5,700,
cc95fbfc9187,player_0048,player_0048_s1,2026-07-25T12:41:15Z,rage_quit,quest_goblin_camp,multiplayer_coop,mobile,5,,
628cee431220,player_0048,player_0048_s1,2026-07-25T12:44:14Z,rage_quit,quest_goblin_camp,multiplayer_coop,mobile,5,,
b0dd1a9dee49,player_0048,player_0048_s1,2026-07-25T12:44:35Z,player_death,quest_goblin_camp,multiplayer_coop,mobile,5,,
2ba6966c86ea,player_0048,player_0048_s1,2026-07-25T12:47:38Z,achievement_unlocked,quest_goblin_camp,multiplayer_coop,mobile,5,196,
1f6667828275,player_0048,player_0048_s1,2026-07-25T12:49:31Z,session_end,lobby,multiplayer_coop,mobile,5,,
737dbfc8de10,player_0021,player_0021_s4,2026-07-25T14:55:11Z,session_start,lobby,multiplayer_coop,mobile,8,,
87ad66ee075b,player_0021,player_0021_s4,2026-07-25T14:57:56Z,enemy_kill,tutorial,multiplayer_coop,,8,1,
8db655913501,player_0021,player_0021_s4,2026-07-25T14:59:53Z,level_fail,level_4,multiplayer_coop,mobile,8,,
d45db31e47dd,player_0021,player_0021_s4,2026-07-25T15:01:51Z,rage_quit,tutorial,multiplayer_coop,mobile,8,,
06a73f648cf3,player_0021,player_0021_s4,2026-07-25T15:03:13Z,item_sell,tutorial,multiplayer_coop,mobile,8,307,
e7376c37b3b4,player_0021,player_0021_s4,2026-07-25T15:03:32Z,damage_taken,tutorial,multiplayer_coop,mobile,8,65,
bc268cf48190,player_0021,player_0021_s4,2026-07-25T15:03:55Z,player_death,tutorial,multiplayer_coop,mobile,8,,
11952cd874e5,player_0021,player_0021_s4,2026-07-25T15:05:58Z,chat_message,lobby,multiplayer_coop,mobile,8,,1
6b80f7c975a8,player_0021,player_0021_s4,2026-07-25T15:09:35Z,player_death,tutorial,multiplayer_coop,mobile,8,,
2d4b0bc7dd4f,player_0021,player_0021_s4,2026-07-25T15:09:59Z,rage_quit,tutorial,multiplayer_coop,mobile,8,,
639049f4c3e7,player_0021,player_0021_s4,2026-07-25T15:13:45Z,level_fail,level_5,multiplayer_coop,mobile,8,,
d515efecdafd,player_0021,player_0021_s4,2026-07-25T15:16:22Z,party_join,lobby,multiplayer_coop,mobile,8,,
e117b074762e,player_0021,player_0021_s4,2026-07-25T15:18:05Z,chat_message,tutorial,multiplayer_coop,mobile,8,,0
d7e3c8502b10,player_0021,player_0021_s4,2026-07-25T15:21:32Z,level_complete,level_4,multiplayer_coop,mobile,8,,
f2505bf34629,player_0021,player_0021_s4,2026-07-25T15:23:20Z,session_end,lobby,multiplayer_coop,mobile,8,,
9f5137af40fe,player_0036,player_0036_s1,2026-07-26T08:28:35Z,session_start,lobby,singleplayer,console,2,,
9f5137af40fe,player_0036,player_0036_s1,2026-07-26T08:28:35Z,session_start,lobby,singleplayer,console,2,,
0a7b3fd34939,player_0036,player_0036_s1,2026-07-26T08:31:45Z,level_start,level_5,singleplayer,console,2,,
86c9dc5594aa,player_0036,player_0036_s1,2026-07-26T08:33:31Z,item_sell,level_5,singleplayer,console,2,423,
abde73f07011,player_0036,player_0036_s1,2026-07-26T08:33:36Z,item_pickup,level_5,singleplayer,console,2,,
520149f4feae,player_0036,player_0036_s1,2026-07-26T08:36:09Z,level_fail,level_5,singleplayer,console,2,,
c9f86e0af0ee,player_0036,player_0036_s1,2026-07-26T08:36:25Z,achievement_unlocked,level_5,singleplayer,console,2,98,
0bc603d5912c,player_0036,player_0036_s1,2026-07-26T08:39:29Z,level_fail,level_5,singleplayer,console,2,,
73125958bb61,player_0036,player_0036_s1,2026-07-26T08:41:52Z,level_complete,level_5,singleplayer,,2,,
d5feca89aa99,player_0036,player_0036_s1,2026-07-26T08:45:45Z,level_fail,level_5,singleplayer,console,2,,
f14e2ee76b40,player_0036,player_0036_s1,2026-07-26T08:47:50Z,level_complete,level_5,singleplayer,console,2,,
db49ee3e38ef,player_0036,player_0036_s1,2026-07-26T08:49:08Z,achievement_unlocked,level_5,singleplayer,console,2,56,
6e5b568f4112,player_0036,player_0036_s1,2026-07-26T08:52:29Z,quest_complete,quest_castle_siege,singleplayer,console,2,241,
a6c0577efa29,player_0036,player_0036_s1,2026-07-26T08:56:22Z,level_up,level_5,singleplayer,console,3,559,
0648a62bcaaa,player_0036,player_0036_s1,2026-07-26T09:00:09Z,level_up,level_5,singleplayer,console,4,484,
cf03237dfeda,player_0036,player_0036_s1,2026-07-26T09:00:34Z,afk_timeout,level_5,singleplayer,console,4,,
cb7aed3c31a2,player_0036,player_0036_s1,2026-07-26T09:02:03Z,session_end,lobby,singleplayer,console,4,,
961cff936711,player_0039,player_0039_s1,2026-07-26T20:31:03Z,session_start,lobby,multiplayer_pvp,console,4,,
91259eff3f01,player_0039,player_0039_s1,2026-07-26T20:33:57Z,level_up,level_3,multiplayer_pvp,console,5,187,
56e6d1f6e156,player_0039,player_0039_s1,2026-07-26T20:37:19Z,matchmaking_complete,lobby,multiplayer_pvp,console,5,,
5c1b82d0f52b,player_0039,player_0039_s1,2026-07-26T20:38:39Z,item_purchase,level_3,multiplayer_pvp,console,5,370,
41d0ea6c1a9b,player_0039,player_0039_s1,2026-07-26T20:39:02Z,level_fail,level_3,multiplayer_pvp,,5,,
f56db8a621e6,player_0039,player_0039_s1,2026-07-26T20:40:15Z,quest_complete,quest_castle_siege,multiplayer_pvp,console,5,414,
bb5667cbe8af,player_0039,player_0039_s1,2026-07-26T20:43:40Z,rage_quit,level_3,multiplayer_pvp,console,5,,
097422c20ae2,player_0039,player_0039_s1,2026-07-26T20:44:04Z,session_end,lobby,multiplayer_pvp,,5,,
29b291b892a4,player_0025,player_0025_s1,2026-07-27T00:14:38Z,session_start,lobby,multiplayer_coop,pc,1,,
2b5a16574501,player_0025,player_0025_s1,2026-07-27T00:15:00Z,party_join,lobby,multiplayer_coop,pc,1,,
3adaef0df809,player_0025,player_0025_s1,2026-07-27T00:17:24Z,party_join,lobby,multiplayer_coop,pc,1,,
1a86dc91b317,player_0025,player_0025_s1,2026-07-27T00:20:50Z,party_join,lobby,multiplayer_coop,pc,1,,
ef9a3b3d060e,player_0025,player_0025_s1,2026-07-27T00:23:16Z,level_start,level_4,multiplayer_coop,pc,1,,
fc48febf6103,player_0025,player_0025_s1,2026-07-27T00:27:04Z,friend_request_sent,quest_forest_rescue,multiplayer_coop,pc,1,,
362ed01540d8,player_0025,player_0025_s1,2026-07-27T00:27:20Z,rage_quit,quest_forest_rescue,multiplayer_coop,pc,1,,
362ed01540d8,player_0025,player_0025_s1,2026-07-27T00:27:20Z,rage_quit,quest_forest_rescue,multiplayer_coop,pc,1,,
65ae5676cd18,player_0025,player_0025_s1,2026-07-27T00:29:04Z,damage_taken,,multiplayer_coop,pc,1,33,
a728e2bb13db,player_0025,player_0025_s1,2026-07-27T00:32:20Z,level_start,level_3,multiplayer_coop,,1,,
84af79a4e204,player_0025,player_0025_s1,2026-07-27T00:35:46Z,level_fail,level_3,multiplayer_coop,pc,1,,
8f9a663bed36,player_0025,player_0025_s1,2026-07-27T00:36:52Z,afk_timeout,quest_forest_rescue,multiplayer_coop,pc,1,,
d6cbf9f2ef1a,player_0025,player_0025_s1,2026-07-27T00:39:37Z,quest_accept,quest_forest_rescue,multiplayer_coop,pc,1,,
87c7d84c3cb7,player_0025,player_0025_s1,2026-07-27T00:42:59Z,matchmaking_start,lobby,multiplayer_coop,pc,1,,
7d9d092d435e,player_0025,player_0025_s1,2026-07-27T00:44:38Z,session_end,lobby,multiplayer_coop,pc,1,,
d7af78d2c79d,player_0066,player_0066_s4,2026-07-27T07:41:00Z,session_start,lobby,singleplayer,mobile,4,,
8b749c822fa6,player_0066,player_0066_s4,2026-07-27T07:42:42Z,level_up,quest_castle_siege,singleplayer,mobile,5,526,
91ad85b26814,player_0066,player_0066_s4,2026-07-27T07:46:08Z,afk_timeout,quest_castle_siege,singleplayer,mobile,5,,
84172e2d837e,player_0066,player_0066_s4,2026-07-27T07:47:33Z,party_leave,lobby,singleplayer,mobile,5,,
e58ca3759bf8,player_0066,player_0066_s4,2026-07-27T07:47:51Z,level_start,level_3,singleplayer,mobile,5,,
4061cc37c44b,player_0066,player_0066_s4,2026-07-27T07:48:47Z,matchmaking_complete,lobby,singleplayer,mobile,5,,
8dbba8842d62,player_0066,player_0066_s4,2026-07-27T07:52:34Z,chat_message,lobby,singleplayer,mobile,5,,0
a04b9fed49c9,player_0066,player_0066_s4,2026-07-27T07:55:39Z,rage_quit,quest_castle_siege,singleplayer,mobile,5,,
f64cc2c22ab2,player_0066,player_0066_s4,2026-07-27T07:57:18Z,matchmaking_start,lobby,singleplayer,mobile,5,,
40ed286f97b1,player_0066,player_0066_s4,2026-07-27T07:59:42Z,matchmaking_complete,lobby,singleplayer,mobile,5,,
1a47eba8ff59,player_0066,player_0066_s4,2026-07-27T08:00:37Z,item_pickup,quest_castle_siege,singleplayer,mobile,5,,
06c098b374b9,player_0066,player_0066_s4,2026-07-27T08:01:57Z,chat_message,lobby,singleplayer,mobile,5,,0
23d935bc64df,player_0066,player_0066_s4,2026-07-27T08:02:21Z,quest_abandon,quest_castle_siege,singleplayer,mobile,5,,
b75b54238646,player_0066,player_0066_s4,2026-07-27T08:03:10Z,party_join,lobby,singleplayer,mobile,5,,
ad93c4e0097b,player_0066,player_0066_s4,2026-07-27T08:03:45Z,level_up,quest_castle_siege,singleplayer,mobile,6,141,
99ba4618c986,player_0066,player_0066_s4,2026-07-27T08:05:39Z,item_sell,quest_castle_siege,singleplayer,mobile,6,289,
38c96fea36cc,player_0066,player_0066_s4,2026-07-27T08:06:17Z,session_end,lobby,singleplayer,mobile,6,,
9e2fc25ebef4,player_0039,player_0039_s2,2026-07-27T08:45:01Z,session_start,lobby,multiplayer_coop,console,5,,
e381c87e230a,player_0039,player_0039_s2,2026-07-27T08:45:07Z,player_death,level_1,multiplayer_coop,console,5,,
4910c7b55a1f,player_0039,player_0039_s2,2026-07-27T08:47:05Z,damage_taken,level_1,multiplayer_coop,console,5,98,
b0ac9ac16dc9,player_0039,player_0039_s2,2026-07-27T08:48:19Z,quest_accept,quest_dragon_hunt,multiplayer_coop,console,5,,
3404d2c97d12,player_0039,player_0039_s2,2026-07-27T08:48:46Z,quest_abandon,quest_castle_siege,multiplayer_coop,console,5,,
8ad85f961923,player_0039,player_0039_s2,2026-07-27T08:50:45Z,party_leave,lobby,multiplayer_coop,console,5,,
df6542bb9bca,player_0039,player_0039_s2,2026-07-27T08:53:12Z,party_join,lobby,multiplayer_coop,console,5,,
69ec86652b3f,player_0039,player_0039_s2,2026-07-27T08:55:01Z,quest_accept,quest_forest_rescue,multiplayer_coop,console,5,,
bced52c6759d,player_0039,player_0039_s2,2026-07-27T08:55:28Z,damage_taken,level_1,multiplayer_coop,console,5,71,
69bb93e50cb2,player_0039,player_0039_s2,2026-07-27T08:55:56Z,matchmaking_complete,lobby,multiplayer_coop,console,5,,
c83c43cd21f4,player_0039,player_0039_s2,2026-07-27T08:57:17Z,session_end,lobby,multiplayer_coop,console,5,,
c7ace6f42229,player_0074,player_0074_s3,2026-07-27T11:26:03Z,session_start,lobby,singleplayer,mobile,4,,
95581e8b7b6e,player_0074,player_0074_s3,2026-07-27T11:26:09Z,matchmaking_start,lobby,singleplayer,mobile,4,,
d2ccb3294342,player_0074,player_0074_s3,2026-07-27T11:28:27Z,quest_accept,quest_forest_rescue,singleplayer,mobile,4,,
714e2ac40857,player_0074,player_0074_s3,2026-07-27T11:30:45Z,level_start,level_4,singleplayer,mobile,4,,
3143abfef5c2,player_0074,player_0074_s3,2026-07-27T11:33:37Z,item_pickup,quest_forest_rescue,singleplayer,mobile,4,,
66c88c6cc876,player_0074,player_0074_s3,2026-07-27T11:36:38Z,enemy_kill,quest_forest_rescue,singleplayer,mobile,4,2,
09d49722abfa,player_0074,player_0074_s3,2026-07-27T11:38:15Z,quest_accept,quest_forest_rescue,singleplayer,,4,,
e3e0be71d27a,player_0074,player_0074_s3,2026-07-27T11:38:59Z,achievement_unlocked,quest_forest_rescue,singleplayer,,4,176,
ce34ff6fb846,player_0074,player_0074_s3,2026-07-27T11:41:33Z,item_sell,quest_forest_rescue,singleplayer,mobile,4,138,
27917f9b4f62,player_0074,player_0074_s3,2026-07-27T11:45:16Z,party_leave,lobby,singleplayer,mobile,4,,
e060d4e39c89,player_0074,player_0074_s3,2026-07-27T11:47:09Z,matchmaking_start,lobby,singleplayer,mobile,4,,
75ab3335e464,player_0074,player_0074_s3,2026-07-27T11:48:47Z,matchmaking_complete,lobby,singleplayer,mobile,4,,
7ee5a25149d5,player_0074,player_0074_s3,2026-07-27T11:50:02Z,afk_timeout,quest_forest_rescue,singleplayer,mobile,4,,
57341496dc86,player_0074,player_0074_s3,2026-07-27T11:51:48Z,item_pickup,quest_forest_rescue,singleplayer,mobile,4,,
02093c67297b,player_0074,player_0074_s3,2026-07-27T11:53:38Z,party_leave,lobby,singleplayer,mobile,4,,
3083394ca8fb,player_0074,player_0074_s3,2026-07-27T11:57:03Z,party_leave,lobby,singleplayer,mobile,4,,
0e65525ecf04,player_0074,player_0074_s3,2026-07-27T11:58:09Z,session_end,lobby,singleplayer,mobile,4,,
d758632decfa,player_0045,player_0045_s3,2026-07-27T14:25:03Z,session_start,lobby,singleplayer,pc,4,,
31efac07249a,player_0045,player_0045_s3,2026-07-27T14:28:21Z,item_purchase,tutorial,singleplayer,pc,4,224,
6991a808351d,player_0045,player_0045_s3,2026-07-27T14:31:13Z,level_fail,level_1,singleplayer,pc,4,,
591dfb847217,player_0045,player_0045_s3,2026-07-27T14:31:18Z,item_pickup,tutorial,singleplayer,,4,,
c3273ad0a28d,player_0045,player_0045_s3,2026-07-27T14:33:25Z,level_fail,level_2,singleplayer,pc,4,,
fa0f716cee54,player_0045,player_0045_s3,2026-07-27T14:36:01Z,item_purchase,tutorial,singleplayer,pc,4,270,
803be1db6b08,player_0045,player_0045_s3,2026-07-27T14:39:00Z,chat_message,lobby,singleplayer,pc,4,,1
1afcec4a02f7,player_0045,player_0045_s3,2026-07-27T14:40:32Z,quest_accept,quest_castle_siege,singleplayer,pc,4,,
b7e2000c2d90,player_0045,player_0045_s3,2026-07-27T14:43:34Z,quest_complete,,singleplayer,pc,4,86,
527636dcb346,player_0045,player_0045_s3,2026-07-27T14:44:08Z,session_end,lobby,singleplayer,pc,4,,
7d9c4428cf8c,player_0035,player_0035_s1,2026-07-27T20:05:34Z,session_start,lobby,singleplayer,mobile,1,,
8acc19bcd2b7,player_0035,player_0035_s1,2026-07-27T20:09:17Z,party_join,lobby,singleplayer,mobile,1,,
4c747a666121,player_0035,player_0035_s1,2026-07-27T20:11:15Z,quest_accept,quest_dragon_hunt,singleplayer,mobile,1,,
747c4847607f,player_0035,player_0035_s1,2026-07-27T20:14:23Z,matchmaking_start,lobby,singleplayer,mobile,1,,
eb79b19d7cb4,player_0035,player_0035_s1,2026-07-27T20:16:33Z,level_fail,level_5,singleplayer,mobile,1,,
fa83ba8a99a3,player_0035,player_0035_s1,2026-07-27T20:20:28Z,party_join,lobby,singleplayer,mobile,1,,
516e872a8aa4,player_0035,player_0035_s1,2026-07-27T20:22:27Z,level_complete,level_5,singleplayer,mobile,1,,
c4cccae5e8f0,player_0035,player_0035_s1,2026-07-27T20:23:30Z,session_end,lobby,singleplayer,mobile,1,,
6ecfc74dca0b,player_0003,player_0003_s3,2026-07-27T22:37:07Z,session_start,lobby,multiplayer_coop,mobile,2,,
992a268226a7,player_0003,player_0003_s3,2026-07-27T22:39:30Z,party_join,lobby,multiplayer_coop,mobile,2,,
439efab304b1,player_0003,player_0003_s3,2026-07-27T22:43:30Z,level_start,level_5,multiplayer_coop,mobile,2,,
8de89505f11c,player_0003,player_0003_s3,2026-07-27T22:44:57Z,friend_request_sent,quest_goblin_camp,multiplayer_coop,mobile,2,,
115facab8518,player_0003,player_0003_s3,2026-07-27T22:45:06Z,quest_accept,quest_goblin_camp,multiplayer_coop,mobile,2,,
c3505c029b3a,player_0003,player_0003_s3,2026-07-27T22:46:43Z,player_death,quest_goblin_camp,multiplayer_coop,mobile,2,,
01bae18540fd,player_0003,player_0003_s3,2026-07-27T22:47:49Z,level_complete,level_2,multiplayer_coop,mobile,2,,
7a1d4dca0cd4,player_0003,player_0003_s3,2026-07-27T22:51:38Z,matchmaking_start,lobby,multiplayer_coop,mobile,2,,
c7130983734a,player_0003,player_0003_s3,2026-07-27T22:52:03Z,level_fail,level_4,multiplayer_coop,mobile,2,,
9af51056218d,player_0003,player_0003_s3,2026-07-27T22:55:36Z,level_fail,level_5,multiplayer_coop,mobile,2,,
bb90e16fefea,player_0003,player_0003_s3,2026-07-27T22:57:19Z,session_end,lobby,multiplayer_coop,mobile,2,,
8756ceca05ee,player_0069,player_0069_s1,2026-07-28T09:24:04Z,session_start,lobby,multiplayer_pvp,pc,4,,
00e2a5c3c290,player_0069,player_0069_s1,2026-07-28T09:24:27Z,afk_timeout,level_3,multiplayer_pvp,pc,4,,
a3113c42c24f,player_0069,player_0069_s1,2026-07-28T09:25:11Z,level_start,level_3,multiplayer_pvp,pc,4,,
5f4589326b17,player_0069,player_0069_s1,2026-07-28T09:27:13Z,enemy_kill,level_3,multiplayer_pvp,pc,4,1,
07b83b699997,player_0069,player_0069_s1,2026-07-28T09:27:40Z,level_fail,,multiplayer_pvp,pc,4,,
9bbe0c21c23d,player_0069,player_0069_s1,2026-07-28T09:27:58Z,quest_abandon,quest_lost_relic,multiplayer_pvp,pc,4,,
859428760f2c,player_0069,player_0069_s1,2026-07-28T09:30:25Z,level_fail,level_3,multiplayer_pvp,pc,4,,
97215c50845b,player_0069,player_0069_s1,2026-07-28T09:32:57Z,item_purchase,level_3,multiplayer_pvp,pc,4,471,
c26404b8711e,player_0069,player_0069_s1,2026-07-28T09:34:08Z,achievement_unlocked,level_3,multiplayer_pvp,pc,4,109,
54df7e596428,player_0069,player_0069_s1,2026-07-28T09:36:08Z,rage_quit,level_3,multiplayer_pvp,pc,4,,
8de9014b2334,player_0069,player_0069_s1,2026-07-28T09:37:56Z,achievement_unlocked,level_3,multiplayer_pvp,pc,4,90,
f13d5ad1ac2c,player_0069,player_0069_s1,2026-07-28T09:38:05Z,level_up,level_3,multiplayer_pvp,pc,5,789,
fe6cbff723f0,player_0069,player_0069_s1,2026-07-28T09:38:40Z,party_leave,lobby,multiplayer_pvp,pc,5,,
b03f0fcc6cf7,player_0069,player_0069_s1,2026-07-28T09:38:46Z,rage_quit,level_3,multiplayer_pvp,pc,5,,
a119b5faec52,player_0069,player_0069_s1,2026-07-28T09:41:55Z,matchmaking_complete,lobby,multiplayer_pvp,pc,5,,
e26396793002,player_0069,player_0069_s1,2026-07-28T09:42:08Z,session_end,lobby,multiplayer_pvp,pc,5,,
b815e346da04,player_0025,player_0025_s2,2026-07-28T11:51:36Z,session_start,lobby,multiplayer_pvp,pc,1,,
c567194f9403,player_0025,player_0025_s2,2026-07-28T11:53:07Z,rage_quit,quest_castle_siege,multiplayer_pvp,pc,1,,
0373fba21ad8,player_0025,player_0025_s2,2026-07-28T11:53:56Z,afk_timeout,quest_castle_siege,multiplayer_pvp,pc,1,,
09ba0a73503f,player_0025,player_0025_s2,2026-07-28T11:55:59Z,friend_request_sent,quest_castle_siege,multiplayer_pvp,pc,1,,
45556d24b85e,player_0025,player_0025_s2,2026-07-28T11:58:45Z,quest_abandon,quest_castle_siege,multiplayer_pvp,pc,1,,
1b1594bea430,player_0025,player_0025_s2,2026-07-28T12:00:33Z,session_end,lobby,multiplayer_pvp,pc,1,,
e13e8abfdca1,player_0076,player_0076_s1,2026-07-28T12:58:50Z,session_start,lobby,singleplayer,mobile,1,,
c1d861efdb2e,player_0076,player_0076_s1,2026-07-28T13:01:07Z,item_purchase,quest_lost_relic,singleplayer,mobile,1,319,
a47703225a6f,player_0076,player_0076_s1,2026-07-28T13:01:55Z,afk_timeout,quest_lost_relic,singleplayer,mobile,1,,
f8d513b3c24b,player_0076,player_0076_s1,2026-07-28T13:02:09Z,damage_taken,quest_lost_relic,singleplayer,mobile,1,31,
63aaf12db733,player_0076,player_0076_s1,2026-07-28T13:05:01Z,level_start,level_2,singleplayer,mobile,1,,
b29a77f636fb,player_0076,player_0076_s1,2026-07-28T13:05:28Z,item_sell,quest_lost_relic,singleplayer,mobile,1,404,
06c6e02dc22d,player_0076,player_0076_s1,2026-07-28T13:07:15Z,damage_taken,quest_lost_relic,singleplayer,mobile,1,86,
7be0acf6885e,player_0076,player_0076_s1,2026-07-28T13:09:01Z,level_up,quest_lost_relic,singleplayer,mobile,2,700,
3645df4e8d93,player_0076,player_0076_s1,2026-07-28T13:09:57Z,party_join,lobby,singleplayer,mobile,2,,
9416e74e6fed,player_0076,player_0076_s1,2026-07-28T13:10:05Z,level_fail,level_1,singleplayer,mobile,2,,
e5bc3cb8669d,player_0076,player_0076_s1,2026-07-28T13:12:30Z,player_death,quest_lost_relic,singleplayer,mobile,2,,
64810c5807e9,player_0076,player_0076_s1,2026-07-28T13:15:40Z,party_leave,lobby,singleplayer,mobile,2,,
8b0d426b2dbc,player_0076,player_0076_s1,2026-07-28T13:19:39Z,matchmaking_start,lobby,singleplayer,mobile,2,,
9187853ccac5,player_0076,player_0076_s1,2026-07-28T13:21:13Z,damage_taken,quest_lost_relic,singleplayer,,2,36,
6e1ad8f07f2b,player_0076,player_0076_s1,2026-07-28T13:22:15Z,matchmaking_complete,lobby,singleplayer,mobile,2,,
798acdfe2102,player_0076,player_0076_s1,2026-07-28T13:23:09Z,chat_message,menu,singleplayer,mobile,2,,0
fbff59a33e40,player_0076,player_0076_s1,2026-07-28T13:24:20Z,quest_abandon,quest_lost_relic,singleplayer,mobile,2,,
de30e86269c6,player_0076,player_0076_s1,2026-07-28T13:25:17Z,session_end,lobby,singleplayer,mobile,2,,
04f8f09e8ce0,player_0045,player_0045_s4,2026-07-28T22:11:27Z,session_start,lobby,singleplayer,pc,4,,
ebe58fcd6e57,player_0045,player_0045_s4,2026-07-28T22:15:17Z,player_death,quest_dragon_hunt,singleplayer,,4,,
4b6dc38f6b19,player_0045,player_0045_s4,2026-07-28T22:15:57Z,level_up,quest_dragon_hunt,singleplayer,pc,5,892,
bc9268b5f4e5,player_0045,player_0045_s4,2026-07-28T22:19:30Z,quest_complete,quest_dragon_hunt,singleplayer,pc,5,378,
cae651cb0de0,player_0045,player_0045_s4,2026-07-28T22:22:28Z,quest_complete,quest_dragon_hunt,singleplayer,pc,5,85,
0354a0b6bdbf,player_0045,player_0045_s4,2026-07-28T22:24:48Z,matchmaking_start,lobby,singleplayer,pc,5,,
588774270dcd,player_0045,player_0045_s4,2026-07-28T22:24:54Z,session_end,lobby,singleplayer,pc,5,,
3b2a40e8fea8,player_0074,player_0074_s4,2026-07-29T11:26:33Z,session_start,,singleplayer,mobile,4,,
45c0ec92cf00,player_0074,player_0074_s4,2026-07-29T11:27:56Z,matchmaking_start,lobby,singleplayer,mobile,4,,
9c584c263ad9,player_0074,player_0074_s4,2026-07-29T11:29:29Z,level_up,pvp_arena,singleplayer,mobile,5,853,
e0ba052785f7,player_0074,player_0074_s4,2026-07-29T11:30:09Z,afk_timeout,pvp_arena,singleplayer,mobile,5,,
8b438376749b,player_0074,player_0074_s4,2026-07-29T11:30:44Z,item_purchase,pvp_arena,singleplayer,mobile,5,233,
1d2dd4cc6fee,player_0074,player_0074_s4,2026-07-29T11:34:09Z,quest_abandon,quest_forest_rescue,singleplayer,mobile,5,,
5d36b70db853,player_0074,player_0074_s4,2026-07-29T11:35:08Z,party_join,lobby,singleplayer,mobile,5,,
7d5c9dbb61be,player_0074,player_0074_s4,2026-07-29T11:36:55Z,enemy_kill,pvp_arena,singleplayer,mobile,5,3,
7d5c9dbb61be,player_0074,player_0074_s4,2026-07-29T11:36:55Z,enemy_kill,pvp_arena,singleplayer,mobile,5,3,
646f865405bb,player_0074,player_0074_s4,2026-07-29T11:39:37Z,afk_timeout,pvp_arena,singleplayer,mobile,5,,
209c83a32809,player_0074,player_0074_s4,2026-07-29T11:42:42Z,level_complete,level_2,singleplayer,mobile,5,,
7f2bda605782,player_0074,player_0074_s4,2026-07-29T11:44:26Z,rage_quit,pvp_arena,singleplayer,mobile,5,,
1a82ec32f7f4,player_0074,player_0074_s4,2026-07-29T11:44:32Z,level_fail,level_2,singleplayer,mobile,5,,
48cb3770a1fd,player_0074,player_0074_s4,2026-07-29T11:46:37Z,matchmaking_complete,lobby,singleplayer,mobile,5,,
ed3788c89d95,player_0074,player_0074_s4,2026-07-29T11:47:37Z,session_end,lobby,singleplayer,mobile,5,,
a390bd975161,player_0025,player_0025_s3,2026-07-29T17:35:34Z,session_start,lobby,singleplayer,pc,1,,
1bbf0a04d0c6,player_0025,player_0025_s3,2026-07-29T17:35:50Z,item_pickup,level_5,singleplayer,pc,1,,
f08e9b3fc54b,player_0025,player_0025_s3,2026-07-29T17:39:41Z,level_complete,level_5,singleplayer,pc,1,,
7831257a992b,player_0025,player_0025_s3,2026-07-29T17:41:06Z,player_death,level_5,singleplayer,pc,1,,
8ef7ce96b5a9,player_0025,player_0025_s3,2026-07-29T17:43:22Z,level_up,level_5,singleplayer,pc,2,934,
7d55a1c5382f,player_0025,player_0025_s3,2026-07-29T17:44:36Z,session_end,lobby,singleplayer,pc,2,,
9b7d833d9ae3,player_0036,player_0036_s2,2026-07-29T19:54:04Z,session_start,lobby,multiplayer_pvp,console,4,,
76646a80bc02,player_0036,player_0036_s2,2026-07-29T19:54:39Z,quest_abandon,quest_castle_siege,multiplayer_pvp,console,4,,
7346a5c698e2,player_0036,player_0036_s2,2026-07-29T19:57:01Z,level_up,quest_castle_siege,multiplayer_pvp,console,5,641,
4bd4e6b03035,player_0036,player_0036_s2,2026-07-29T19:57:38Z,item_purchase,quest_castle_siege,multiplayer_pvp,console,5,432,
155d3b1acd8d,player_0036,player_0036_s2,2026-07-29T19:57:43Z,level_start,level_3,multiplayer_pvp,console,5,,
93eb8e5ba3ed,player_0036,player_0036_s2,2026-07-29T19:59:46Z,afk_timeout,quest_castle_siege,multiplayer_pvp,console,5,,
cfb77fb68814,player_0036,player_0036_s2,2026-07-29T20:02:55Z,party_leave,lobby,multiplayer_pvp,console,5,,
ce3e26d67432,player_0036,player_0036_s2,2026-07-29T20:04:48Z,party_leave,lobby,multiplayer_pvp,console,5,,
1fc861a1f7f5,player_0036,player_0036_s2,2026-07-29T20:06:30Z,item_purchase,quest_castle_siege,multiplayer_pvp,console,5,131,
5848dd837d4e,player_0036,player_0036_s2,2026-07-29T20:08:32Z,damage_taken,quest_castle_siege,multiplayer_pvp,console,5,20,
0b4997e85dcb,player_0036,player_0036_s2,2026-07-29T20:09:47Z,item_pickup,quest_castle_siege,multiplayer_pvp,console,5,,
3380cd57e988,player_0036,player_0036_s2,2026-07-29T20:13:36Z,quest_accept,quest_castle_siege,multiplayer_pvp,console,5,,
8aa61b0d7d9b,player_0036,player_0036_s2,2026-07-29T20:13:49Z,afk_timeout,quest_castle_siege,multiplayer_pvp,console,5,,
ff567a62ee50,player_0036,player_0036_s2,2026-07-29T20:15:41Z,matchmaking_complete,lobby,multiplayer_pvp,console,5,,
da3d6e8d5bb5,player_0036,player_0036_s2,2026-07-29T20:19:02Z,level_start,level_2,multiplayer_pvp,console,5,,
8fe32f60af2f,player_0036,player_0036_s2,2026-07-29T20:19:33Z,session_end,lobby,multiplayer_pvp,console,5,,
0411b6dee282,player_0051,player_0051_s1,2026-07-29T22:58:40Z,session_start,lobby,multiplayer_pvp,pc,3,,
de4db1e13a24,player_0051,player_0051_s1,2026-07-29T22:59:21Z,item_sell,level_2,multiplayer_pvp,pc,3,52,
e6dba50b7c40,player_0051,player_0051_s1,2026-07-29T22:59:37Z,item_purchase,level_2,multiplayer_pvp,,3,464,
1c751bafa93c,player_0051,player_0051_s1,2026-07-29T23:03:18Z,party_join,lobby,multiplayer_pvp,pc,3,,
a8e6b5175a37,player_0051,player_0051_s1,2026-07-29T23:05:08Z,damage_taken,level_2,multiplayer_pvp,pc,3,59,
a513d58b4db1,player_0051,player_0051_s1,2026-07-29T23:08:24Z,level_fail,level_2,multiplayer_pvp,pc,3,,
48ec4de56531,player_0051,player_0051_s1,2026-07-29T23:10:57Z,quest_accept,quest_goblin_camp,multiplayer_pvp,,3,,
e893cacd0847,player_0051,player_0051_s1,2026-07-29T23:11:36Z,rage_quit,,multiplayer_pvp,pc,3,,
c3a666a64257,player_0051,player_0051_s1,2026-07-29T23:15:10Z,level_up,level_2,multiplayer_pvp,pc,4,176,
c3a666a64257,player_0051,player_0051_s1,2026-07-29T23:15:10Z,level_up,level_2,multiplayer_pvp,pc,4,176,
578df4bc3306,player_0051,player_0051_s1,2026-07-29T23:17:46Z,matchmaking_start,lobby,multiplayer_pvp,pc,4,,
89044c7fcf31,player_0051,player_0051_s1,2026-07-29T23:18:06Z,achievement_unlocked,level_2,multiplayer_pvp,pc,4,179,
393d34153efb,player_0051,player_0051_s1,2026-07-29T23:18:44Z,item_purchase,level_2,multiplayer_pvp,pc,4,154,
604990d42387,player_0051,player_0051_s1,2026-07-29T23:19:22Z,session_end,lobby,multiplayer_pvp,pc,4,,
4c57d255ab3a,player_0076,player_0076_s2,2026-07-30T14:43:10Z,session_start,lobby,multiplayer_coop,mobile,2,,
8014a760e031,player_0076,player_0076_s2,2026-07-30T14:44:42Z,quest_accept,quest_goblin_camp,multiplayer_coop,mobile,2,,
477a97572db4,player_0076,player_0076_s2,2026-07-30T14:45:52Z,party_leave,lobby,multiplayer_coop,mobile,2,,
45da82e48bb7,player_0076,player_0076_s2,2026-07-30T14:49:25Z,matchmaking_start,lobby,multiplayer_coop,mobile,2,,
ba87bb76aae7,player_0076,player_0076_s2,2026-07-30T14:50:34Z,chat_message,menu,multiplayer_coop,,2,,0
0923e55e862b,player_0076,player_0076_s2,2026-07-30T14:53:56Z,item_purchase,pvp_arena,multiplayer_coop,mobile,2,392,
93630090def3,player_0076,player_0076_s2,2026-07-30T14:54:44Z,session_end,lobby,multiplayer_coop,mobile,2,,
903b523762e5,player_0004,player_0004_s1,2026-07-31T06:13:39Z,session_start,lobby,multiplayer_pvp,mobile,2,,
b97364975cde,player_0004,player_0004_s1,2026-07-31T06:16:19Z,achievement_unlocked,quest_forest_rescue,multiplayer_pvp,mobile,2,64,
af4051c56c4a,player_0004,player_0004_s1,2026-07-31T06:18:42Z,item_pickup,quest_forest_rescue,multiplayer_pvp,mobile,2,,
0051dd03a810,player_0004,player_0004_s1,2026-07-31T06:21:49Z,player_death,quest_forest_rescue,multiplayer_pvp,mobile,2,,
19135004f8ca,player_0004,player_0004_s1,2026-07-31T06:23:36Z,afk_timeout,quest_forest_rescue,multiplayer_pvp,mobile,2,,
47edc7ac4f4c,player_0004,player_0004_s1,2026-07-31T06:26:27Z,damage_taken,quest_forest_rescue,multiplayer_pvp,mobile,2,57,
1ebed277bcf1,player_0004,player_0004_s1,2026-07-31T06:30:22Z,party_join,lobby,multiplayer_pvp,,2,,
1d14e1f06612,player_0004,player_0004_s1,2026-07-31T06:32:22Z,quest_accept,quest_forest_rescue,multiplayer_pvp,mobile,2,,
9ba8a76fda29,player_0004,player_0004_s1,2026-07-31T06:33:30Z,item_purchase,quest_forest_rescue,multiplayer_pvp,mobile,2,37,
f62ad7e92b18,player_0004,player_0004_s1,2026-07-31T06:34:18Z,session_end,lobby,multiplayer_pvp,mobile,2,,
856a5a4d0a99,player_0036,player_0036_s3,2026-07-31T16:17:28Z,session_start,lobby,singleplayer,console,5,,
86599bc3edf2,player_0036,player_0036_s3,2026-07-31T16:20:25Z,level_complete,level_2,singleplayer,console,5,,
5daf4d6f465f,player_0036,player_0036_s3,2026-07-31T16:23:39Z,level_complete,level_4,singleplayer,console,5,,
aac725d8ad97,player_0036,player_0036_s3,2026-07-31T16:25:36Z,item_purchase,lobby,singleplayer,console,5,281,
c515f222f6a4,player_0036,player_0036_s3,2026-07-31T16:26:36Z,level_complete,level_2,singleplayer,console,5,,
6b662c3874e9,player_0036,player_0036_s3,2026-07-31T16:27:45Z,session_end,lobby,singleplayer,,5,,
4f135744636b,player_0010,player_0010_s1,2026-07-31T17:14:13Z,session_start,lobby,multiplayer_coop,mobile,4,,
7e088877e264,player_0010,player_0010_s1,2026-07-31T17:17:35Z,matchmaking_start,lobby,multiplayer_coop,mobile,4,,
f53833d64e6f,player_0010,player_0010_s1,2026-07-31T17:20:38Z,level_start,level_5,multiplayer_coop,mobile,4,,
06ac51eec4d5,player_0010,player_0010_s1,2026-07-31T17:22:20Z,friend_request_sent,quest_castle_siege,multiplayer_coop,mobile,4,,
6b0f9051d563,player_0010,player_0010_s1,2026-07-31T17:22:26Z,damage_taken,quest_castle_siege,multiplayer_coop,mobile,4,39,
bf9ddc67ab9e,player_0010,player_0010_s1,2026-07-31T17:25:43Z,level_up,quest_castle_siege,multiplayer_coop,mobile,5,973,
994d33afc90e,player_0010,player_0010_s1,2026-07-31T17:29:36Z,achievement_unlocked,quest_castle_siege,multiplayer_coop,mobile,5,147,
ac6414b46842,player_0010,player_0010_s1,2026-07-31T17:32:52Z,party_leave,lobby,multiplayer_coop,mobile,5,,
5047c8e0888a,player_0010,player_0010_s1,2026-07-31T17:36:21Z,matchmaking_complete,lobby,multiplayer_coop,mobile,5,,
ca19f0304d8c,player_0010,player_0010_s1,2026-07-31T17:40:15Z,item_purchase,quest_castle_siege,multiplayer_coop,mobile,5,254,
0d315906fda0,player_0010,player_0010_s1,2026-07-31T17:41:16Z,item_sell,quest_castle_siege,multiplayer_coop,mobile,5,228,
222ba39dba44,player_0010,player_0010_s1,2026-07-31T17:42:23Z,session_end,lobby,multiplayer_coop,mobile,5,,
7030f1901dd0,player_0002,player_0002_s1,2026-08-01T08:31:05Z,session_start,lobby,multiplayer_coop,pc,3,,
9d3e6434691a,player_0002,player_0002_s1,2026-08-01T08:34:42Z,rage_quit,level_5,multiplayer_coop,pc,3,,
553908719637,player_0002,player_0002_s1,2026-08-01T08:37:25Z,damage_taken,level_5,multiplayer_coop,pc,3,74,
6cc8927cf056,player_0002,player_0002_s1,2026-08-01T08:38:19Z,level_fail,level_5,multiplayer_coop,,3,,
29d772472ccc,player_0002,player_0002_s1,2026-08-01T08:38:35Z,afk_timeout,level_5,multiplayer_coop,pc,3,,
87d90afd530e,player_0002,player_0002_s1,2026-08-01T08:39:38Z,player_death,level_5,multiplayer_coop,pc,3,,
5b7ce4aa7cf7,player_0002,player_0002_s1,2026-08-01T08:39:53Z,session_end,lobby,multiplayer_coop,pc,3,,
f3786e49848e,player_0009,player_0009_s1,2026-08-02T01:06:21Z,session_start,lobby,multiplayer_coop,console,4,,
07e2fe7e022c,player_0009,player_0009_s1,2026-08-02T01:10:16Z,quest_abandon,quest_castle_siege,multiplayer_coop,console,4,,
8317133ea937,player_0009,player_0009_s1,2026-08-02T01:13:09Z,level_fail,level_3,multiplayer_coop,console,4,,
d201c410c928,player_0009,player_0009_s1,2026-08-02T01:15:25Z,afk_timeout,quest_castle_siege,multiplayer_coop,console,4,,
69f87c8f04e6,player_0009,player_0009_s1,2026-08-02T01:18:12Z,matchmaking_complete,lobby,multiplayer_coop,console,4,,
b5a849504cf8,player_0009,player_0009_s1,2026-08-02T01:19:42Z,level_fail,level_2,multiplayer_coop,console,4,,
f85c6b0a1132,player_0009,player_0009_s1,2026-08-02T01:22:39Z,player_death,quest_castle_siege,multiplayer_coop,console,4,,
e3015433beda,player_0009,player_0009_s1,2026-08-02T01:23:41Z,item_pickup,quest_castle_siege,multiplayer_coop,console,4,,
98f0e2f3b390,player_0009,player_0009_s1,2026-08-02T01:24:23Z,level_start,level_1,multiplayer_coop,console,4,,
f620d517309e,player_0009,player_0009_s1,2026-08-02T01:25:30Z,friend_request_sent,quest_castle_siege,multiplayer_coop,console,4,,
96f09402dcea,player_0009,player_0009_s1,2026-08-02T01:28:11Z,level_fail,,multiplayer_coop,console,4,,
e66477a2ac28,player_0009,player_0009_s1,2026-08-02T01:30:02Z,rage_quit,quest_castle_siege,multiplayer_coop,console,4,,
be9a57bfe11d,player_0009,player_0009_s1,2026-08-02T01:32:34Z,item_pickup,quest_castle_siege,multiplayer_coop,console,4,,
4fb5722ba711,player_0009,player_0009_s1,2026-08-02T01:34:10Z,session_end,lobby,multiplayer_coop,console,4,,
7f78d23d1492,player_0002,player_0002_s2,2026-08-02T12:47:39Z,session_start,lobby,multiplayer_pvp,pc,3,,
8094b9413957,player_0002,player_0002_s2,2026-08-02T12:50:26Z,damage_taken,quest_dragon_hunt,multiplayer_pvp,,3,21,
199d42abda1a,player_0002,player_0002_s2,2026-08-02T12:52:05Z,damage_taken,quest_dragon_hunt,multiplayer_pvp,pc,3,27,
732e8b5548ea,player_0002,player_0002_s2,2026-08-02T12:55:01Z,item_sell,quest_dragon_hunt,multiplayer_pvp,pc,3,364,
c6906c9a3573,player_0002,player_0002_s2,2026-08-02T12:58:00Z,rage_quit,quest_dragon_hunt,multiplayer_pvp,pc,3,,
0dd346a5dcd4,player_0002,player_0002_s2,2026-08-02T12:58:23Z,matchmaking_complete,lobby,multiplayer_pvp,pc,3,,
b351c390b312,player_0002,player_0002_s2,2026-08-02T13:01:10Z,quest_abandon,quest_dragon_hunt,multiplayer_pvp,pc,3,,
68b30f03dee3,player_0002,player_0002_s2,2026-08-02T13:03:31Z,item_purchase,quest_dragon_hunt,multiplayer_pvp,pc,3,88,
08312cb79863,player_0002,player_0002_s2,2026-08-02T13:05:34Z,level_up,quest_dragon_hunt,multiplayer_pvp,pc,4,376,
447aaf8372e4,player_0002,player_0002_s2,2026-08-02T13:08:22Z,party_leave,lobby,multiplayer_pvp,,4,,
2f6f33cb495c,player_0002,player_0002_s2,2026-08-02T13:09:23Z,afk_timeout,quest_dragon_hunt,multiplayer_pvp,pc,4,,
047f5459c072,player_0002,player_0002_s2,2026-08-02T13:10:09Z,session_end,lobby,multiplayer_pvp,pc,4,,
b44a8d0d9054,player_0004,player_0004_s2,2026-08-02T15:53:06Z,session_start,lobby,singleplayer,mobile,2,,
aa1d5826251c,player_0004,player_0004_s2,2026-08-02T15:53:12Z,level_fail,level_1,singleplayer,mobile,2,,
721a8e57599d,player_0004,player_0004_s2,2026-08-02T15:54:15Z,level_fail,level_1,singleplayer,mobile,2,,
be45b9a3df95,player_0004,player_0004_s2,2026-08-02T15:58:00Z,enemy_kill,pvp_arena,singleplayer,mobile,2,1,
5aaf407091f3,player_0004,player_0004_s2,2026-08-02T16:00:16Z,item_purchase,pvp_arena,singleplayer,mobile,2,147,
32a5188043cd,player_0004,player_0004_s2,2026-08-02T16:03:12Z,friend_request_sent,pvp_arena,singleplayer,mobile,2,,
5102b8460209,player_0004,player_0004_s2,2026-08-02T16:04:11Z,party_leave,lobby,singleplayer,mobile,2,,
cbaf3b624781,player_0004,player_0004_s2,2026-08-02T16:04:49Z,matchmaking_start,lobby,singleplayer,mobile,2,,
8a8506a8bdb0,player_0004,player_0004_s2,2026-08-02T16:06:07Z,session_end,lobby,singleplayer,mobile,2,,
5aae4b51787a,player_0028,player_0028_s1,2026-08-02T16:24:25Z,session_start,lobby,multiplayer_pvp,mobile,4,,
032b2027aefa,player_0028,player_0028_s1,2026-08-02T16:25:51Z,rage_quit,pvp_arena,multiplayer_pvp,mobile,4,,
28d7bcdfa707,player_0028,player_0028_s1,2026-08-02T16:26:14Z,chat_message,menu,multiplayer_pvp,mobile,4,,0
1db69a13b57f,player_0028,player_0028_s1,2026-08-02T16:27:47Z,quest_complete,quest_goblin_camp,multiplayer_pvp,mobile,4,377,
425eb95c2b03,player_0028,player_0028_s1,2026-08-02T16:30:22Z,quest_abandon,quest_dragon_hunt,multiplayer_pvp,mobile,4,,
caaba2c5cb82,player_0028,player_0028_s1,2026-08-02T16:32:17Z,party_join,lobby,multiplayer_pvp,mobile,4,,
3db1f559a0cd,player_0028,player_0028_s1,2026-08-02T16:34:13Z,session_end,lobby,multiplayer_pvp,mobile,4,,
ea434121cf69,player_0015,player_0015_s1,2026-08-02T19:16:55Z,session_start,lobby,multiplayer_coop,pc,4,,
6b2ef06418f7,player_0015,player_0015_s1,2026-08-02T19:19:10Z,quest_complete,quest_forest_rescue,multiplayer_coop,pc,4,191,
4fd32aab5f7b,player_0015,player_0015_s1,2026-08-02T19:22:32Z,achievement_unlocked,level_5,multiplayer_coop,pc,4,97,
3e0fba3e7101,player_0015,player_0015_s1,2026-08-02T19:25:58Z,party_join,lobby,multiplayer_coop,pc,4,,
60211975fbde,player_0015,player_0015_s1,2026-08-02T19:27:11Z,level_start,level_5,multiplayer_coop,pc,4,,
c9ce46c63bf3,player_0015,player_0015_s1,2026-08-02T19:28:28Z,player_death,level_5,multiplayer_coop,pc,4,,
477383eb498b,player_0015,player_0015_s1,2026-08-02T19:32:07Z,matchmaking_start,,multiplayer_coop,pc,4,,
0779a24f0a02,player_0015,player_0015_s1,2026-08-02T19:34:40Z,afk_timeout,level_5,multiplayer_coop,pc,4,,
67a619a3f833,player_0015,player_0015_s1,2026-08-02T19:35:47Z,session_end,lobby,multiplayer_coop,pc,4,,
07abfd5f4f0d,player_0036,player_0036_s4,2026-08-03T00:37:01Z,session_start,lobby,multiplayer_pvp,console,5,,
336f63b41a34,player_0036,player_0036_s4,2026-08-03T00:39:33Z,matchmaking_complete,lobby,multiplayer_pvp,console,5,,
5e64e21e1cbe,player_0036,player_0036_s4,2026-08-03T00:42:55Z,afk_timeout,quest_goblin_camp,multiplayer_pvp,,5,,
7efae7338aee,player_0036,player_0036_s4,2026-08-03T00:46:29Z,enemy_kill,quest_goblin_camp,multiplayer_pvp,console,5,1,
4ac378356987,player_0036,player_0036_s4,2026-08-03T00:47:51Z,quest_complete,quest_goblin_camp,multiplayer_pvp,console,5,388,
def57429db4e,player_0036,player_0036_s4,2026-08-03T00:50:09Z,item_purchase,quest_goblin_camp,multiplayer_pvp,console,5,216,
3bd850c44689,player_0036,player_0036_s4,2026-08-03T00:51:30Z,item_sell,quest_goblin_camp,multiplayer_pvp,console,5,36,
d274924b5bc0,player_0036,player_0036_s4,2026-08-03T00:53:57Z,matchmaking_start,lobby,multiplayer_pvp,console,5,,
dbcde47bf9ec,player_0036,player_0036_s4,2026-08-03T00:57:47Z,quest_abandon,quest_goblin_camp,multiplayer_pvp,console,5,,
63fad8a14064,player_0036,player_0036_s4,2026-08-03T01:00:32Z,afk_timeout,quest_goblin_camp,multiplayer_pvp,console,5,,
a0a429053246,player_0036,player_0036_s4,2026-08-03T01:02:26Z,party_leave,lobby,multiplayer_pvp,console,5,,
547028ca3692,player_0036,player_0036_s4,2026-08-03T01:04:37Z,level_complete,level_3,multiplayer_pvp,console,5,,
e0e62849c15f,player_0036,player_0036_s4,2026-08-03T01:07:26Z,afk_timeout,quest_goblin_camp,multiplayer_pvp,console,5,,
2b8daa39020b,player_0036,player_0036_s4,2026-08-03T01:09:08Z,party_join,lobby,multiplayer_pvp,console,5,,
d1057896e765,player_0036,player_0036_s4,2026-08-03T01:10:34Z,achievement_unlocked,,multiplayer_pvp,console,5,114,
2dc6b6891e51,player_0036,player_0036_s4,2026-08-03T01:11:17Z,player_death,quest_goblin_camp,multiplayer_pvp,console,5,,
7bad35ceaf57,player_0036,player_0036_s4,2026-08-03T01:12:10Z,session_end,lobby,multiplayer_pvp,console,5,,
cba7193e6743,player_0009,player_0009_s2,2026-08-03T02:30:14Z,session_start,lobby,multiplayer_coop,console,4,,
af5734fd31da,player_0009,player_0009_s2,2026-08-03T02:33:06Z,level_start,level_2,multiplayer_coop,console,4,,
4c2adf436196,player_0009,player_0009_s2,2026-08-03T02:36:59Z,quest_accept,quest_castle_siege,multiplayer_coop,console,4,,
65ed2d097052,player_0009,player_0009_s2,2026-08-03T02:38:00Z,quest_abandon,quest_goblin_camp,multiplayer_coop,console,4,,
919b12f7da3e,player_0009,player_0009_s2,2026-08-03T02:40:03Z,level_complete,level_2,multiplayer_coop,,4,,
c0dd6f1c7873,player_0009,player_0009_s2,2026-08-03T02:42:30Z,item_purchase,level_2,multiplayer_coop,console,4,474,
7cab269cc684,player_0009,player_0009_s2,2026-08-03T02:46:12Z,quest_accept,quest_castle_siege,multiplayer_coop,console,4,,
e8645b1c20ac,player_0009,player_0009_s2,2026-08-03T02:46:51Z,chat_message,level_2,multiplayer_coop,console,4,,0
eb26912f28e1,player_0009,player_0009_s2,2026-08-03T02:49:19Z,matchmaking_complete,lobby,multiplayer_coop,console,4,,
9ada7f955de7,player_0009,player_0009_s2,2026-08-03T02:50:45Z,chat_message,level_2,multiplayer_coop,console,4,,0
e44aa8fa3647,player_0009,player_0009_s2,2026-08-03T02:54:38Z,party_join,lobby,multiplayer_coop,console,4,,
80451ddb21c9,player_0009,player_0009_s2,2026-08-03T02:55:37Z,session_end,lobby,multiplayer_coop,console,4,,
559ea35ad92c,player_0028,player_0028_s2,2026-08-03T08:57:14Z,session_start,lobby,singleplayer,mobile,4,,
c865a91be74f,player_0028,player_0028_s2,2026-08-03T08:58:01Z,quest_abandon,quest_lost_relic,singleplayer,mobile,4,,
9b83152bd71f,player_0028,player_0028_s2,2026-08-03T08:59:28Z,item_purchase,quest_lost_relic,singleplayer,mobile,4,182,
160d00a72e90,player_0028,player_0028_s2,2026-08-03T09:01:45Z,player_death,quest_lost_relic,singleplayer,mobile,4,,
f0877cace969,player_0028,player_0028_s2,2026-08-03T09:05:26Z,level_fail,level_3,singleplayer,mobile,4,,
87738edd5abc,player_0028,player_0028_s2,2026-08-03T09:06:21Z,rage_quit,quest_lost_relic,singleplayer,mobile,4,,
3cb5a3198e85,player_0028,player_0028_s2,2026-08-03T09:08:47Z,item_sell,quest_lost_relic,singleplayer,mobile,4,69,
d5d1a79f1a91,player_0028,player_0028_s2,2026-08-03T09:11:32Z,player_death,quest_lost_relic,singleplayer,mobile,4,,
31bd39d9fb79,player_0028,player_0028_s2,2026-08-03T09:14:14Z,party_leave,lobby,singleplayer,mobile,4,,
c2dab93c30e6,player_0028,player_0028_s2,2026-08-03T09:14:42Z,party_join,lobby,singleplayer,mobile,4,,
f0c662c77312,player_0028,player_0028_s2,2026-08-03T09:17:31Z,quest_abandon,quest_lost_relic,singleplayer,mobile,4,,
cee16e3672ad,player_0028,player_0028_s2,2026-08-03T09:20:07Z,matchmaking_start,lobby,singleplayer,mobile,4,,
616f660de02a,player_0028,player_0028_s2,2026-08-03T09:20:51Z,quest_abandon,quest_lost_relic,singleplayer,mobile,4,,
3a2a772240a8,player_0028,player_0028_s2,2026-08-03T09:22:20Z,session_end,lobby,singleplayer,mobile,4,,
10f0e06be248,player_0010,player_0010_s2,2026-08-03T11:32:45Z,session_start,lobby,singleplayer,mobile,5,,
18cbde954e71,player_0010,player_0010_s2,2026-08-03T11:34:33Z,quest_abandon,quest_castle_siege,singleplayer,mobile,5,,
cf63e2df6afc,player_0010,player_0010_s2,2026-08-03T11:38:33Z,quest_complete,quest_goblin_camp,singleplayer,mobile,5,323,
7bfc0f516a6a,player_0010,player_0010_s2,2026-08-03T11:38:44Z,level_up,level_2,singleplayer,mobile,6,706,
24e6b239f451,player_0010,player_0010_s2,2026-08-03T11:41:13Z,afk_timeout,level_2,singleplayer,mobile,6,,
997c8fd03ea5,player_0010,player_0010_s2,2026-08-03T11:41:24Z,level_fail,level_2,singleplayer,mobile,6,,
7c596fb56fcd,player_0010,player_0010_s2,2026-08-03T11:44:13Z,achievement_unlocked,level_2,singleplayer,mobile,6,44,
0b4df4805227,player_0010,player_0010_s2,2026-08-03T11:47:59Z,chat_message,lobby,singleplayer,mobile,6,,1
31292801a50c,player_0010,player_0010_s2,2026-08-03T11:49:41Z,enemy_kill,level_2,singleplayer,mobile,6,1,
cfad20da6626,player_0010,player_0010_s2,2026-08-03T11:51:42Z,enemy_kill,level_2,singleplayer,,6,2,
867ed522cd2c,player_0010,player_0010_s2,2026-08-03T11:55:01Z,level_up,level_2,singleplayer,mobile,7,384,
0db445fd9a1e,player_0010,player_0010_s2,2026-08-03T11:58:18Z,achievement_unlocked,level_2,singleplayer,mobile,7,74,
6455e688d67d,player_0010,player_0010_s2,2026-08-03T12:01:56Z,level_fail,level_2,singleplayer,mobile,7,,
181802dce6c0,player_0010,player_0010_s2,2026-08-03T12:04:01Z,level_start,level_2,singleplayer,mobile,7,,
0d7bdd2d9958,player_0010,player_0010_s2,2026-08-03T12:07:17Z,party_leave,lobby,singleplayer,mobile,7,,
72eb57ef9186,player_0010,player_0010_s2,2026-08-03T12:07:28Z,session_end,lobby,singleplayer,mobile,7,,
bbb594058c4d,player_0005,player_0005_s1,2026-08-03T21:08:42Z,session_start,lobby,singleplayer,console,4,,
0866bc1d1046,player_0005,player_0005_s1,2026-08-03T21:10:35Z,achievement_unlocked,quest_dragon_hunt,singleplayer,console,4,129,
8bb6d8e3c900,player_0005,player_0005_s1,2026-08-03T21:14:21Z,level_complete,level_1,singleplayer,console,4,,
98328a31498f,player_0005,player_0005_s1,2026-08-03T21:14:41Z,level_up,quest_dragon_hunt,singleplayer,console,5,845,
b906d4a13fb4,player_0005,player_0005_s1,2026-08-03T21:16:12Z,quest_accept,quest_dragon_hunt,singleplayer,console,5,,
dd7a942390ab,player_0005,player_0005_s1,2026-08-03T21:17:20Z,item_pickup,quest_dragon_hunt,singleplayer,console,5,,
7366142a310e,player_0005,player_0005_s1,2026-08-03T21:18:13Z,party_leave,lobby,singleplayer,console,5,,
135db59997cd,player_0005,player_0005_s1,2026-08-03T21:20:12Z,quest_complete,quest_dragon_hunt,singleplayer,console,5,266,
ca1b33ad531f,player_0005,player_0005_s1,2026-08-03T21:21:03Z,item_sell,quest_dragon_hunt,singleplayer,console,5,241,
a0d0ef86b2e7,player_0005,player_0005_s1,2026-08-03T21:22:11Z,level_fail,level_4,singleplayer,console,5,,
0994b86735b7,player_0005,player_0005_s1,2026-08-03T21:25:42Z,party_leave,lobby,singleplayer,console,5,,
902a8ab678b6,player_0005,player_0005_s1,2026-08-03T21:26:12Z,level_complete,level_5,singleplayer,console,5,,
ac56ccfda7bb,player_0005,player_0005_s1,2026-08-03T21:29:51Z,level_start,level_1,singleplayer,console,5,,
d9ed104a80e5,player_0005,player_0005_s1,2026-08-03T21:33:08Z,item_purchase,quest_dragon_hunt,singleplayer,console,5,90,
ef9b7e152406,player_0005,player_0005_s1,2026-08-03T21:34:57Z,friend_request_sent,quest_dragon_hunt,singleplayer,,5,,
0bc2de563231,player_0005,player_0005_s1,2026-08-03T21:36:03Z,session_end,lobby,singleplayer,console,5,,
d70df70a6d83,player_0057,player_0057_s1,2026-08-04T07:57:09Z,session_start,lobby,multiplayer_coop,pc,4,,
626e32cc6813,player_0057,player_0057_s1,2026-08-04T07:57:39Z,friend_request_sent,level_5,multiplayer_coop,pc,4,,
345cf22949ad,player_0057,player_0057_s1,2026-08-04T08:01:05Z,matchmaking_start,lobby,multiplayer_coop,pc,4,,
d265f3cba7ec,player_0057,player_0057_s1,2026-08-04T08:03:56Z,afk_timeout,level_5,multiplayer_coop,pc,4,,
b777cf2f2ea9,player_0057,player_0057_s1,2026-08-04T08:04:58Z,quest_abandon,quest_castle_siege,multiplayer_coop,pc,4,,
b777cf2f2ea9,player_0057,player_0057_s1,2026-08-04T08:04:58Z,quest_abandon,quest_castle_siege,multiplayer_coop,pc,4,,
ec20439e22cc,player_0057,player_0057_s1,2026-08-04T08:05:21Z,level_complete,level_5,multiplayer_coop,pc,4,,
0b801dd0885e,player_0057,player_0057_s1,2026-08-04T08:06:41Z,level_start,level_5,multiplayer_coop,pc,4,,
c684cf449c4a,player_0057,player_0057_s1,2026-08-04T08:08:07Z,item_sell,level_5,multiplayer_coop,pc,4,492,
fe945d20b9f5,player_0057,player_0057_s1,2026-08-04T08:08:38Z,level_fail,level_5,multiplayer_coop,pc,4,,
411f5e4ccc19,player_0057,player_0057_s1,2026-08-04T08:10:10Z,quest_abandon,quest_castle_siege,multiplayer_coop,pc,4,,
6f51fb1991e2,player_0057,player_0057_s1,2026-08-04T08:10:35Z,session_end,lobby,multiplayer_coop,pc,4,,
a45af11f18f7,player_0024,player_0024_s1,2026-08-04T14:01:20Z,session_start,lobby,singleplayer,pc,2,,
764f91e2301d,player_0024,player_0024_s1,2026-08-04T14:04:37Z,chat_message,lobby,singleplayer,pc,2,,0
5ad57ea9458c,player_0024,player_0024_s1,2026-08-04T14:06:01Z,friend_request_sent,quest_forest_rescue,singleplayer,pc,2,,
f47e8bc321a9,player_0024,player_0024_s1,2026-08-04T14:09:57Z,item_pickup,quest_forest_rescue,singleplayer,pc,2,,
898a16191f46,player_0024,player_0024_s1,2026-08-04T14:11:36Z,afk_timeout,quest_forest_rescue,singleplayer,pc,2,,
33c6b74d9784,player_0024,player_0024_s1,2026-08-04T14:14:07Z,chat_message,menu,singleplayer,pc,2,,0
4ee168663885,player_0024,player_0024_s1,2026-08-04T14:17:31Z,level_up,quest_forest_rescue,singleplayer,pc,3,614,
1838bbacd279,player_0024,player_0024_s1,2026-08-04T14:19:51Z,achievement_unlocked,quest_forest_rescue,singleplayer,pc,3,51,
2af7734e62d0,player_0024,player_0024_s1,2026-08-04T14:23:25Z,item_pickup,quest_forest_rescue,singleplayer,pc,3,,
e6e274b70aef,player_0024,player_0024_s1,2026-08-04T14:26:55Z,matchmaking_complete,lobby,singleplayer,,3,,
7d10370d4268,player_0024,player_0024_s1,2026-08-04T14:27:35Z,item_sell,quest_forest_rescue,singleplayer,pc,3,31,
5211db3b2cbc,player_0024,player_0024_s1,2026-08-04T14:30:24Z,friend_request_sent,quest_forest_rescue,singleplayer,pc,3,,
a09e5b6f0211,player_0024,player_0024_s1,2026-08-04T14:32:20Z,session_end,lobby,singleplayer,pc,3,,
8df0a9c1aed0,player_0005,player_0005_s2,2026-08-04T15:04:36Z,session_start,lobby,singleplayer,console,5,,
b6922db7fc35,player_0005,player_0005_s2,2026-08-04T15:04:41Z,level_up,level_1,singleplayer,console,6,371,
61bcf972d5a0,player_0005,player_0005_s2,2026-08-04T15:08:06Z,chat_message,menu,singleplayer,,6,,0
99bab7f1446b,player_0005,player_0005_s2,2026-08-04T15:11:18Z,party_leave,lobby,singleplayer,console,6,,
9e0aeae5f1de,player_0005,player_0005_s2,2026-08-04T15:14:12Z,friend_request_sent,level_1,singleplayer,console,6,,
065a356fda12,player_0005,player_0005_s2,2026-08-04T15:14:36Z,session_end,lobby,singleplayer,console,6,,
4b0148edaf86,player_0015,player_0015_s2,2026-08-04T19:07:28Z,session_start,lobby,multiplayer_pvp,pc,4,,
097e629a065f,player_0015,player_0015_s2,2026-08-04T19:08:58Z,party_leave,lobby,multiplayer_pvp,pc,4,,
93e807dd2b62,player_0015,player_0015_s2,2026-08-04T19:12:18Z,party_leave,lobby,multiplayer_pvp,pc,4,,
df77df61ec10,player_0015,player_0015_s2,2026-08-04T19:13:59Z,chat_message,menu,multiplayer_pvp,pc,4,,0
e6e56a531d90,player_0015,player_0015_s2,2026-08-04T19:17:02Z,item_purchase,level_4,multiplayer_pvp,pc,4,297,
472d6c877ccd,player_0015,player_0015_s2,2026-08-04T19:18:45Z,item_purchase,level_4,multiplayer_pvp,pc,4,443,
880054e90aba,player_0015,player_0015_s2,2026-08-04T19:22:08Z,achievement_unlocked,level_4,multiplayer_pvp,pc,4,21,
779ea0354caf,player_0015,player_0015_s2,2026-08-04T19:23:34Z,friend_request_sent,level_4,multiplayer_pvp,pc,4,,
cce914296f5e,player_0015,player_0015_s2,2026-08-04T19:26:39Z,level_up,level_4,multiplayer_pvp,pc,5,495,
0866b5660415,player_0015,player_0015_s2,2026-08-04T19:29:33Z,rage_quit,level_4,multiplayer_pvp,pc,5,,
7018ea56b917,player_0015,player_0015_s2,2026-08-04T19:30:16Z,friend_request_sent,level_4,multiplayer_pvp,pc,5,,
c4e05fc15d25,player_0015,player_0015_s2,2026-08-04T19:30:30Z,quest_complete,quest_goblin_camp,multiplayer_pvp,pc,5,352,
005b73915c14,player_0015,player_0015_s2,2026-08-04T19:31:59Z,quest_accept,quest_castle_siege,multiplayer_pvp,pc,5,,
a051ae136f7b,player_0015,player_0015_s2,2026-08-04T19:32:16Z,session_end,lobby,multiplayer_pvp,pc,5,,
75767fed7747,player_0057,player_0057_s2,2026-08-05T17:56:37Z,session_start,lobby,multiplayer_coop,pc,4,,
33e02d9fa4e9,player_0057,player_0057_s2,2026-08-05T17:59:19Z,friend_request_sent,pvp_arena,multiplayer_coop,pc,4,,
920983fbe271,player_0057,player_0057_s2,2026-08-05T18:02:24Z,level_start,level_4,multiplayer_coop,pc,4,,
b086fc988b35,player_0057,player_0057_s2,2026-08-05T18:05:16Z,quest_abandon,quest_goblin_camp,multiplayer_coop,pc,4,,
c16fcaf9ed49,player_0057,player_0057_s2,2026-08-05T18:09:08Z,achievement_unlocked,pvp_arena,multiplayer_coop,pc,4,50,
44e8a80cb57b,player_0057,player_0057_s2,2026-08-05T18:09:26Z,quest_accept,,multiplayer_coop,pc,4,,
560d068c5727,player_0057,player_0057_s2,2026-08-05T18:09:57Z,session_end,lobby,multiplayer_coop,pc,4,,
c9aabd3bb5bd,player_0002,player_0002_s3,2026-08-05T20:25:07Z,session_start,lobby,multiplayer_pvp,pc,4,,
c07806823a8e,player_0002,player_0002_s3,2026-08-05T20:28:38Z,enemy_kill,quest_castle_siege,multiplayer_pvp,pc,4,2,
82a50a84de96,player_0002,player_0002_s3,2026-08-05T20:29:51Z,level_fail,level_2,multiplayer_pvp,pc,4,,
484f41061fd9,player_0002,player_0002_s3,2026-08-05T20:33:49Z,matchmaking_start,lobby,multiplayer_pvp,pc,4,,
0c9ce0b9285e,player_0002,player_0002_s3,2026-08-05T20:37:38Z,enemy_kill,quest_castle_siege,multiplayer_pvp,pc,4,1,
b1583ceb4fed,player_0002,player_0002_s3,2026-08-05T20:40:30Z,friend_request_sent,quest_castle_siege,multiplayer_pvp,pc,4,,
a4cc528a049a,player_0002,player_0002_s3,2026-08-05T20:42:16Z,rage_quit,quest_castle_siege,multiplayer_pvp,pc,4,,
bcb03c8e688b,player_0002,player_0002_s3,2026-08-05T20:44:18Z,quest_complete,quest_castle_siege,multiplayer_pvp,pc,4,185,
640d75acce2b,player_0002,player_0002_s3,2026-08-05T20:44:40Z,session_end,lobby,multiplayer_pvp,pc,4,,
bc66c54cdcdc,player_0019,player_0019_s1,2026-08-05T23:35:31Z,session_start,lobby,multiplayer_coop,console,1,,
e36a1615fffc,player_0019,player_0019_s1,2026-08-05T23:37:29Z,level_fail,level_1,multiplayer_coop,console,1,,
9e54a16c24dc,player_0019,player_0019_s1,2026-08-05T23:38:56Z,matchmaking_complete,lobby,multiplayer_coop,console,1,,
b2273230e297,player_0019,player_0019_s1,2026-08-05T23:39:38Z,level_fail,level_2,multiplayer_coop,console,1,,
a6b656419845,player_0019,player_0019_s1,2026-08-05T23:40:53Z,matchmaking_complete,lobby,multiplayer_coop,console,1,,
a9e9b8acd0ba,player_0019,player_0019_s1,2026-08-05T23:43:40Z,matchmaking_start,lobby,multiplayer_coop,console,1,,
4347399b6914,player_0019,player_0019_s1,2026-08-05T23:46:05Z,enemy_kill,quest_dragon_hunt,multiplayer_coop,console,1,2,
7a74969d877b,player_0019,player_0019_s1,2026-08-05T23:48:42Z,party_join,lobby,multiplayer_coop,,1,,
c6611303f8cf,player_0019,player_0019_s1,2026-08-05T23:50:02Z,chat_message,quest_dragon_hunt,multiplayer_coop,console,1,,0
bfdc4af7fef1,player_0019,player_0019_s1,2026-08-05T23:50:32Z,quest_accept,quest_dragon_hunt,multiplayer_coop,,1,,
635d133b135a,player_0019,player_0019_s1,2026-08-05T23:54:15Z,rage_quit,quest_dragon_hunt,multiplayer_coop,console,1,,
b24e666a1b0f,player_0019,player_0019_s1,2026-08-05T23:57:06Z,party_leave,lobby,multiplayer_coop,console,1,,
23b56985206a,player_0019,player_0019_s1,2026-08-05T23:58:43Z,session_end,lobby,multiplayer_coop,console,1,,
59bcfbcc2c78,player_0010,player_0010_s3,2026-08-06T03:14:17Z,session_start,lobby,multiplayer_pvp,mobile,7,,
a12d6154edb3,player_0010,player_0010_s3,2026-08-06T03:17:41Z,rage_quit,level_3,multiplayer_pvp,,7,,
d4ea6dc2b890,player_0010,player_0010_s3,2026-08-06T03:17:56Z,level_start,level_3,multiplayer_pvp,mobile,7,,
e614f91dac89,player_0010,player_0010_s3,2026-08-06T03:19:04Z,item_pickup,level_3,multiplayer_pvp,mobile,7,,
4bd24a046bfd,player_0010,player_0010_s3,2026-08-06T03:22:43Z,level_start,level_3,multiplayer_pvp,,7,,
db6207561d5d,player_0010,player_0010_s3,2026-08-06T03:25:27Z,quest_complete,quest_dragon_hunt,multiplayer_pvp,mobile,7,114,
cd04f15090a0,player_0010,player_0010_s3,2026-08-06T03:27:33Z,afk_timeout,level_3,multiplayer_pvp,mobile,7,,
c88da6eb5290,player_0010,player_0010_s3,2026-08-06T03:28:07Z,matchmaking_start,lobby,multiplayer_pvp,mobile,7,,
4544d81e48ab,player_0010,player_0010_s3,2026-08-06T03:28:39Z,session_end,lobby,multiplayer_pvp,mobile,7,,
e258c2e3dd03,player_0043,player_0043_s1,2026-08-06T07:08:24Z,session_start,lobby,multiplayer_coop,mobile,5,,
1a8f54a0dbd6,player_0043,player_0043_s1,2026-08-06T07:12:24Z,rage_quit,level_2,multiplayer_coop,mobile,5,,
5183595c5d9e,player_0043,player_0043_s1,2026-08-06T07:13:13Z,party_leave,lobby,multiplayer_coop,mobile,5,,
13b9a39df17d,player_0043,player_0043_s1,2026-08-06T07:14:00Z,friend_request_sent,level_2,multiplayer_coop,mobile,5,,
747870371435,player_0043,player_0043_s1,2026-08-06T07:15:18Z,quest_complete,quest_dragon_hunt,multiplayer_coop,mobile,5,211,
2c27025f6ab1,player_0043,player_0043_s1,2026-08-06T07:18:58Z,chat_message,level_2,multiplayer_coop,mobile,5,,1
