session_id,player_id,n_events,pct_attack,pct_explore,pct_social,pct_quest_complete,pct_retry,avg_decision_time_ms,fail_rate,true_persona
f94160e9-ba1c-44fa-aab0-6fb687b528b2,player_0000,65,0.092,0.062,0.108,0.154,0.092,788.6,0.154,Achiever
bed04bf1-b15c-4921-8278-0d363ca0ce2a,player_0001,53,0.094,0.132,0.189,0.151,0.075,745.9,0.132,Achiever
5fdf1fe9-2f6e-411e-8c74-3d856993ad1e,player_0002,77,0.299,0.039,0.026,0.104,0.039,491.7,0.182,Killer
c45afb96-98e2-4c7b-ac40-ef560ef2ab45,player_0003,44,0.091,0.068,0.159,0.159,0.045,745.9,0.227,Achiever
3315feb0-2f1b-43a3-8743-e29e260a3994,player_0004,72,0.014,0.056,0.778,0.056,0.0,1192.8,0.181,Socializer
350e2276-f764-4a02-8663-1a57c534ca41,player_0005,70,0.0,0.171,0.057,0.2,0.114,802.2,0.114,Achiever
c718c98e-f782-49be-9884-c7edb258e825,player_0006,32,0.094,0.031,0.406,0.094,0.0,1096.7,0.25,Socializer
44e01a9a-bef1-439f-afb4-48fbc22cc5a1,player_0007,51,0.078,0.137,0.392,0.176,0.02,1173.7,0.157,Socializer
25c2b278-fc78-4076-b6e8-3062a16e0ac9,player_0008,39,0.333,0.077,0.026,0.0,0.077,513.1,0.282,Killer
be5df259-76ca-43c0-aa6b-8ee2588de143,player_0009,48,0.042,0.125,0.604,0.104,0.0,1123.7,0.083,Socializer
1425e557-5f52-40b4-90ef-b34709d1fdee,player_0010,25,0.0,0.16,0.4,0.04,0.04,1188.9,0.28,Socializer
c0680cbe-bd8d-4147-8d65-16dbcd034878,player_0011,57,0.018,0.035,0.544,0.123,0.0,1095.4,0.193,Socializer
5782b422-cb6b-48be-942f-0a37af2c1a16,player_0012,41,0.024,0.024,0.171,0.366,0.146,787.3,0.122,Achiever
dd2c9f7d-ed22-4c4f-9f43-afd48c42efe3,player_0013,69,0.014,0.072,0.522,0.087,0.029,1206.8,0.188,Socializer
9c7ce467-4816-40b8-920f-ec1915bbdbff,player_0014,76,0.421,0.039,0.0,0.0,0.092,493.9,0.224,Killer
8fab43a2-9eee-4ec3-973c-48bb41d6f3f3,player_0015,77,0.091,0.039,0.052,0.26,0.195,773.9,0.13,Achiever
48a83f3a-d3cb-4320-8c5d-d1756acc6dfe,player_0016,60,0.0,0.3,0.317,0.117,0.033,1146.9,0.117,Socializer
b1afe74e-291a-46bb-818e-26d28e07493c,player_0017,35,0.114,0.143,0.086,0.286,0.114,734.1,0.114,Achiever
45ced092-3ebe-459d-a66c-01c402b3d9d7,player_0018,26,0.077,0.346,0.115,0.0,0.0,1032.0,0.269,Explorer
ac59f367-3af5-4ecc-b2e7-f05599b541ba,player_0019,45,0.133,0.022,0.444,0.0,0.067,1147.4,0.178,Socializer
e45d73fd-03be-4fca-b864-743adfa4dbdf,player_0020,60,0.0,0.05,0.583,0.05,0.0,1135.7,0.167,Socializer
bac06bd7-15bc-4169-b72b-383eeeee113a,player_0021,32,0.25,0.031,0.125,0.031,0.062,479.2,0.156,Killer
16218814-a2b3-43c7-bc38-74c8c4247d36,player_0022,48,0.083,0.042,0.062,0.521,0.042,726.5,0.146,Achiever
f3cb0615-8337-4a26-a62a-6b2fd7187884,player_0023,76,0.053,0.013,0.579,0.158,0.0,1151.1,0.105,Socializer
38a415c4-6735-4c62-b76d-247ed9ce64ec,player_0024,78,0.282,0.038,0.026,0.026,0.103,450.9,0.179,Killer
7f61e54d-8ff4-4425-abbc-fa7cf086d4eb,player_0025,60,0.083,0.05,0.017,0.25,0.15,770.0,0.067,Achiever
b3ac9d77-7125-4ab1-87d1-19fb61f5382c,player_0026,74,0.257,0.054,0.122,0.041,0.095,506.3,0.257,Killer
3a881175-0f90-4278-9a9e-eea25a575cf1,player_0027,67,0.194,0.045,0.448,0.104,0.03,1111.7,0.209,Socializer
45b86801-cbb5-469b-9454-9061226edbcc,player_0028,22,0.682,0.0,0.0,0.0,0.0,438.0,0.227,Killer
ef628eca-7ed4-48ff-9be8-0f34738d54c8,player_0029,78,0.538,0.141,0.0,0.013,0.077,484.9,0.256,Killer
6ff1534b-796a-40ba-a64f-d51d6290d907,player_0030,21,0.0,0.286,0.19,0.095,0.048,1078.2,0.143,Explorer
002afe16-9c76-4a0a-9cb4-dedd88ff3d3b,player_0031,25,0.44,0.08,0.04,0.0,0.0,506.4,0.24,Killer
46a7bfc2-3db5-432b-9402-2de82d471f37,player_0032,64,0.031,0.406,0.094,0.016,0.0,1036.1,0.219,Explorer
100379ab-8045-4fb1-b343-8b7ae787113d,player_0033,62,0.484,0.048,0.032,0.0,0.032,496.1,0.242,Killer
64e6bc36-cb83-4d11-abd3-241dd963fcd8,player_0034,35,0.2,0.029,0.114,0.314,0.0,747.1,0.143,Achiever
c91b0782-2dda-49bc-9801-5fa8fbb598ff,player_0035,79,0.076,0.139,0.076,0.101,0.114,758.4,0.127,Achiever
2c10fe62-4e24-422c-88dd-b44f8a5d4bd1,player_0036,79,0.063,0.228,0.076,0.025,0.025,1063.9,0.203,Explorer
c899b204-d085-4a59-b975-e6cddd3c3325,player_0037,65,0.4,0.062,0.015,0.015,0.154,506.9,0.123,Killer
d0ea9ab5-1026-4b67-9c6c-c3e279bca670,player_0038,61,0.131,0.098,0.148,0.344,0.066,722.7,0.18,Achiever
9c0168af-9c0a-4866-b762-ec29d35a2bcb,player_0039,57,0.07,0.404,0.123,0.123,0.035,1139.4,0.123,Explorer
b18382d6-131c-43f4-ad6b-380939410700,player_0040,63,0.048,0.032,0.048,0.254,0.127,770.8,0.127,Achiever
0b5f2d68-0f03-4c1b-81fe-0a3271fa25d3,player_0041,56,0.0,0.161,0.411,0.107,0.0,1128.1,0.232,Socializer
017f61d7-5841-4e98-acfd-61070e203ab5,player_0042,67,0.045,0.418,0.104,0.03,0.03,1065.8,0.164,Explorer
7fa5622d-3fe6-4494-b17f-b2278177df4c,player_0043,62,0.032,0.274,0.29,0.016,0.0,1081.7,0.194,Explorer
0ae3febf-4468-4579-bb05-95cfee035352,player_0044,71,0.042,0.07,0.085,0.282,0.085,707.4,0.113,Achiever
4f1e3a28-9ceb-4a0c-8760-fe7ff7dc78e2,player_0045,77,0.247,0.065,0.026,0.221,0.104,748.2,0.182,Achiever
c41aaf3b-8465-451c-b088-c3cc9b105d7d,player_0046,68,0.103,0.382,0.235,0.074,0.0,1121.0,0.088,Explorer
5f91a5ba-e28c-4873-9584-0a8c7ed8c3da,player_0047,79,0.076,0.266,0.101,0.089,0.013,1098.8,0.139,Explorer
3e981ca7-6a24-490c-ac16-2c537a0cd8bc,player_0048,49,0.041,0.429,0.061,0.0,0.0,1083.9,0.163,Explorer
9383ac00-6698-46aa-ab05-1b45b3113324,player_0049,33,0.515,0.03,0.03,0.0,0.091,488.3,0.152,Killer
335dad98-80c7-42a5-9097-21d32f21be9a,player_0050,74,0.108,0.068,0.027,0.284,0.081,732.7,0.135,Achiever
1bcbb215-a0f3-471f-a75d-57323c7f2397,player_0051,52,0.288,0.038,0.346,0.038,0.038,1137.4,0.269,Socializer
62bddf98-73dc-433e-b1cc-52de692867dc,player_0052,62,0.081,0.065,0.274,0.226,0.032,758.8,0.161,Achiever
87f3f34f-6ff2-4879-a94d-03f3eb3727e9,player_0053,32,0.344,0.219,0.031,0.031,0.062,525.5,0.188,Killer
cfed1254-9c3f-4c84-9e72-39a4b6aed361,player_0054,71,0.127,0.38,0.099,0.014,0.056,1107.4,0.155,Explorer
74e9b489-3403-4f99-8f46-89b08dadbeff,player_0055,38,0.342,0.105,0.079,0.0,0.105,495.3,0.211,Killer
27ba07f2-deb5-400c-989a-4c3a3fcfa47b,player_0056,36,0.444,0.0,0.0,0.028,0.167,502.3,0.167,Killer
af81b5c7-5159-43ca-8fa5-b18d913e76f0,player_0057,74,0.054,0.068,0.608,0.081,0.0,1130.2,0.162,Socializer
8322ce9a-0a6a-49dd-96b4-5583ad249b00,player_0058,24,0.208,0.125,0.0,0.375,0.083,734.1,0.292,Achiever
784cf3ba-cb66-4d70-9fb6-af5eab4c8f30,player_0059,52,0.0,0.096,0.635,0.058,0.0,1153.0,0.173,Socializer
8970f832-a5b7-47df-9400-41630db2da54,player_0060,45,0.022,0.2,0.356,0.133,0.044,1154.5,0.133,Explorer
79dd16db-7a1c-468a-a58e-4c6355f820f7,player_0061,24,0.458,0.125,0.0,0.0,0.0,533.3,0.208,Killer
0ea9c14f-a3da-49b1-9a95-d020e4a5abe8,player_0062,51,0.078,0.02,0.49,0.118,0.0,1173.0,0.157,Socializer
1a77bca9-e37b-4154-82b1-543b28cd796d,player_0063,73,0.219,0.014,0.041,0.301,0.151,763.0,0.164,Achiever
edeb6156-4eac-406a-ac99-05260fa6a954,player_0064,47,0.213,0.043,0.0,0.426,0.043,755.9,0.191,Achiever
72394e3d-7337-4d59-9221-1273e22decc3,player_0065,36,0.111,0.361,0.139,0.056,0.0,1069.3,0.111,Explorer
872c0b2c-9e47-43ad-a974-404a660c364c,player_0066,33,0.03,0.152,0.545,0.061,0.0,1190.8,0.03,Socializer
a6d17dbd-80bf-4817-a2c0-c1a693078eae,player_0067,23,0.261,0.174,0.087,0.13,0.0,1088.6,0.174,Explorer
3009d932-0d42-4475-9e5d-aed458e0e213,player_0068,66,0.045,0.182,0.136,0.091,0.0,1057.8,0.197,Explorer
30c2173c-42e0-4775-9caf-745ee8c880ed,player_0069,29,0.069,0.034,0.069,0.276,0.241,781.8,0.241,Achiever
504dc1f1-1f9c-4e55-8a8d-53814577a7b1,player_0070,42,0.262,0.048,0.071,0.143,0.048,486.0,0.214,Killer
8af08e59-6e4c-448c-9f9c-15ab6c4626b9,player_0071,52,0.519,0.058,0.038,0.0,0.173,502.3,0.096,Killer
ae751262-58f2-41b1-be78-5ff422f06df5,player_0072,24,0.083,0.083,0.333,0.125,0.083,792.1,0.167,Achiever
9ba14a9d-2819-42a2-b74f-f4f8316a55e6,player_0073,56,0.196,0.304,0.036,0.018,0.0,1046.8,0.054,Explorer
34678b27-e91f-4f31-ba7b-2a533385ce8d,player_0074,47,0.085,0.085,0.277,0.191,0.085,772.5,0.085,Achiever
2fb78a64-7102-4849-8465-61a190619a6b,player_0075,23,0.043,0.043,0.391,0.0,0.174,756.0,0.043,Achiever
322a74b1-4824-47ef-bb77-2007d4e324a2,player_0076,74,0.149,0.054,0.284,0.041,0.081,497.4,0.243,Killer
53faaa97-df38-4cd6-984d-b8ddcafba0ff,player_0077,72,0.0,0.25,0.083,0.056,0.0,1035.9,0.125,Explorer
65e92fc6-c74a-4227-abee-6b51e943b1c3,player_0078,55,0.109,0.345,0.073,0.127,0.036,1066.9,0.255,Explorer
eec14162-b140-413b-9e57-3e9fa3f8681c,player_0079,26,0.115,0.077,0.038,0.385,0.0,755.0,0.346,Achiever
bc30aea0-ac1c-4b9c-8c9a-63043081a8ce,player_0080,64,0.078,0.031,0.297,0.312,0.094,753.9,0.188,Achiever
7a47dac8-b5e4-4c77-85b7-4dcad6a40a66,player_0081,44,0.432,0.045,0.068,0.0,0.068,474.4,0.25,Killer
66ec8106-1693-484b-bbdb-db983270a0bd,player_0082,33,0.121,0.061,0.091,0.424,0.152,695.4,0.091,Achiever
29f06149-790f-4c32-9018-9916177e3e89,player_0083,25,0.52,0.0,0.04,0.04,0.16,499.7,0.12,Killer
07a7c61f-bb43-41d9-832f-d5d8901eb579,player_0084,75,0.027,0.067,0.64,0.12,0.013,1178.7,0.107,Socializer
45dd3514-97e4-4ee6-9bc3-b2fd1066450a,player_0085,26,0.0,0.115,0.615,0.0,0.0,1203.0,0.154,Socializer
28e05608-fc5f-4ce7-9874-366028226516,player_0086,74,0.27,0.095,0.0,0.0,0.122,493.3,0.176,Killer
80cf90b4-d417-4c71-b5bc-bcf44cd35db9,player_0087,26,0.0,0.154,0.077,0.077,0.038,1016.4,0.154,Explorer
6f511537-ecfc-4c44-850a-7f943ada9c89,player_0088,71,0.099,0.493,0.099,0.042,0.0,1089.9,0.155,Explorer
996ec147-62a2-4b08-905b-de7a728d9f9b,player_0089,79,0.101,0.013,0.127,0.241,0.076,745.7,0.203,Achiever
45c3aac9-124d-4723-8dc8-f849fe3d3b43,player_0090,61,0.082,0.164,0.049,0.197,0.049,797.6,0.18,Achiever
c87a54c1-fb97-4d9b-a7c3-e83ad4449545,player_0091,35,0.029,0.057,0.4,0.057,0.029,1100.5,0.086,Socializer
9ac43092-d8f2-4164-ab33-abcfb8970dc1,player_0092,25,0.12,0.08,0.08,0.08,0.16,800.7,0.12,Achiever
a2d96d2a-0ba2-4bbb-a60c-406cbfea92de,player_0093,36,0.333,0.056,0.028,0.0,0.028,513.2,0.222,Killer
3d31d393-171f-486d-aeaf-dff5e4f53655,player_0094,55,0.436,0.073,0.036,0.018,0.109,499.4,0.236,Killer
f23dde2e-b158-4cae-a6fd-a2b9afbe2736,player_0095,69,0.391,0.101,0.029,0.0,0.101,534.1,0.29,Killer
977b391e-b4c7-4560-b8b6-1ad209a43e99,player_0096,70,0.014,0.157,0.529,0.143,0.0,1165.5,0.1,Socializer
cb2d84e8-3492-462f-846d-3038c641e1a3,player_0097,28,0.036,0.357,0.036,0.071,0.036,1118.5,0.107,Explorer
d30c7ebb-a1f0-4c1e-b550-976357bb546a,player_0098,52,0.058,0.154,0.327,0.077,0.0,1171.0,0.173,Socializer
e1448933-03a5-4749-8d6c-3931476ffeab,player_0099,56,0.036,0.339,0.161,0.107,0.0,1117.3,0.179,Explorer
3c6f93f6-ced2-4f34-bc40-6007581a105f,player_0100,58,0.103,0.069,0.034,0.345,0.069,746.2,0.172,Achiever
cb780d22-b964-4441-a410-0f53abfe37ce,player_0101,45,0.044,0.267,0.244,0.067,0.0,1085.3,0.111,Explorer
6d76a38f-b5b3-4c5b-81de-afee28eeb1a0,player_0102,63,0.032,0.127,0.032,0.302,0.079,733.8,0.127,Achiever
76ce7127-14f8-437d-a593-11f34c3726ac,player_0103,78,0.026,0.436,0.128,0.026,0.0,1074.4,0.141,Explorer
8f842729-a5f3-4241-8162-59f17398cb79,player_0104,61,0.049,0.23,0.23,0.033,0.016,1141.6,0.197,Socializer
20f3966c-5fcc-44bc-84fc-e6ceb4e60907,player_0105,27,0.074,0.222,0.111,0.0,0.0,1142.1,0.037,Explorer
9b859d4f-83fc-4100-b60c-1ae42c81bc1c,player_0106,66,0.045,0.106,0.136,0.288,0.061,729.9,0.152,Achiever
1fc04ec4-dab9-4057-8b9f-0300d68b8526,player_0107,62,0.0,0.048,0.645,0.113,0.016,1146.8,0.194,Socializer
08b2bcee-7b6b-4409-b1d1-e21bb8b7eac3,player_0108,42,0.262,0.024,0.024,0.31,0.048,799.6,0.143,Achiever
1b610959-1d1f-4bc1-bee1-3d670fcc2440,player_0109,61,0.033,0.262,0.426,0.066,0.0,1121.4,0.098,Socializer
8e180318-cb71-4353-a943-e9e111de57ad,player_0110,33,0.515,0.03,0.061,0.0,0.091,457.2,0.121,Killer
cba86d44-fb77-4031-9a99-58320756e0ec,player_0111,58,0.379,0.103,0.034,0.0,0.069,509.4,0.155,Killer
b38a1c73-c006-4ae6-bd90-9452ca7c66f0,player_0112,24,0.333,0.083,0.0,0.0,0.042,471.6,0.208,Killer
e967096a-7144-4db1-8d4f-9298bc703a7e,player_0113,54,0.148,0.019,0.019,0.352,0.148,741.7,0.185,Achiever
288e6759-f260-4717-9d98-33c07950eb5c,player_0114,64,0.031,0.203,0.453,0.078,0.0,1142.4,0.125,Socializer
64a20956-fb03-476d-8dd9-70e9be0cb310,player_0115,20,0.1,0.2,0.05,0.35,0.15,683.7,0.0,Achiever
9c0861bd-97b2-447a-90c4-2e2040fd4417,player_0116,54,0.222,0.074,0.019,0.019,0.093,522.7,0.204,Killer
8a2b805a-a2a7-4992-841d-4a58d5611aec,player_0117,77,0.143,0.104,0.039,0.377,0.078,729.3,0.104,Achiever
613c055b-0213-404c-a9d8-30102fadba85,player_0118,27,0.222,0.074,0.037,0.148,0.074,471.3,0.148,Killer
e6f50c33-2ac8-4471-90db-21951f6fc3d9,player_0119,50,0.04,0.44,0.08,0.02,0.0,1071.1,0.12,Explorer
6b672f98-2c1f-458c-922d-f6211a140c4a,player_0120,75,0.067,0.053,0.067,0.187,0.093,744.9,0.12,Achiever
dd63e274-dcbb-4b13-87ce-93ee993e0cd4,player_0121,63,0.603,0.048,0.016,0.0,0.032,515.0,0.127,Killer
3a74856d-d64e-41e7-8033-422bb10816b3,player_0122,42,0.048,0.214,0.19,0.071,0.024,1155.6,0.119,Explorer
079089e9-a0ff-449a-b065-5d8c05cf89e5,player_0123,79,0.57,0.076,0.0,0.0,0.101,477.4,0.114,Killer
7cba8429-86ba-470a-ba32-a9c8c7970237,player_0124,56,0.161,0.125,0.071,0.25,0.054,776.2,0.125,Achiever
7e9b7849-eb91-4a54-9b3c-ef86333dd6d1,player_0125,57,0.07,0.491,0.105,0.105,0.035,1065.9,0.228,Explorer
a0fb8abe-23ba-427f-929a-f75c18fdbad7,player_0126,28,0.0,0.036,0.071,0.321,0.179,770.7,0.107,Achiever
f3b9d705-01a5-4a04-9571-8815f21030f8,player_0127,46,0.022,0.261,0.196,0.087,0.043,1073.3,0.087,Explorer
967ae74d-6c64-4c0e-921c-0584eb3d24e3,player_0128,47,0.0,0.17,0.617,0.106,0.0,1185.0,0.149,Socializer
cbf215ce-aca7-41f9-ae81-edbb5b1a4f56,player_0129,24,0.042,0.208,0.292,0.083,0.0,1231.3,0.208,Socializer
a78d2760-ff11-47b9-814f-31b913b7ac54,player_0130,21,0.143,0.048,0.048,0.19,0.238,484.8,0.238,Killer
94064ede-0664-471a-ae7a-c392f9bd363d,player_0131,46,0.435,0.022,0.022,0.0,0.022,494.5,0.13,Killer
235242c5-c419-497e-82d5-85d270f0ae27,player_0132,33,0.242,0.212,0.03,0.091,0.061,1098.8,0.152,Explorer
ccef7e8b-ec8f-497f-876d-0f399ec8ffc2,player_0133,21,0.238,0.143,0.381,0.0,0.0,1088.1,0.143,Socializer
12978064-23a4-408b-9d9c-16b86a21a334,player_0134,53,0.528,0.057,0.038,0.019,0.094,519.5,0.17,Killer
ec71afb9-2dd2-417c-a4dd-5d3dc38871a1,player_0135,31,0.032,0.065,0.548,0.194,0.0,1128.5,0.097,Socializer
5e7945d9-14bb-41c2-9fc7-54290fa30d5b,player_0136,63,0.254,0.032,0.159,0.048,0.063,504.1,0.19,Killer
ec3fb604-6374-4600-b416-c96d0a167d4a,player_0137,41,0.024,0.366,0.098,0.073,0.049,1107.6,0.171,Explorer
30755d70-38c5-4fc7-a079-173dc472adb5,player_0138,28,0.071,0.393,0.036,0.036,0.036,1163.4,0.179,Explorer
c5f40c55-443d-4850-b57f-e8650d36c165,player_0139,80,0.05,0.075,0.562,0.05,0.0,1183.3,0.163,Socializer
b52af876-d963-485f-9496-b95237e5488b,player_0140,67,0.104,0.134,0.284,0.134,0.0,1076.9,0.104,Explorer
8d1c834f-06ed-43c5-be18-008a7b75bd9a,player_0141,57,0.246,0.018,0.351,0.053,0.035,1151.1,0.175,Socializer
bb72545a-d1b0-461b-8e60-719b7c88ef9e,player_0142,42,0.024,0.024,0.667,0.048,0.0,1103.5,0.167,Socializer
c976128d-7309-4b64-9720-a7da16248178,player_0143,48,0.104,0.062,0.146,0.354,0.0,726.9,0.167,Achiever
22d553a0-0d0b-457a-9cc2-70ef6c690651,player_0144,61,0.246,0.066,0.377,0.049,0.016,1151.0,0.148,Socializer
1ea91721-577c-4d69-91c6-ea5dc43a7754,player_0145,77,0.026,0.286,0.195,0.039,0.039,1039.5,0.169,Explorer
214183bd-e46e-4299-9014-d26f6e47a295,player_0146,26,0.423,0.0,0.077,0.0,0.077,518.4,0.115,Killer
9400e809-a1f6-4d09-8c83-8c2b252f72cb,player_0147,67,0.06,0.119,0.328,0.119,0.015,1166.1,0.164,Socializer
9db99a3e-f6ea-4849-9098-389e25226b6b,player_0148,57,0.228,0.053,0.035,0.123,0.123,522.0,0.14,Killer
a1cba098-bfc2-4880-b82d-f73cbe1cea2a,player_0149,57,0.053,0.175,0.228,0.105,0.088,768.2,0.193,Achiever
f5cd89ac-7482-4c7e-b1a0-8e4f44b42ccc,player_0150,51,0.02,0.02,0.49,0.176,0.039,1187.3,0.059,Socializer
45dde614-2e65-4a4d-b9fd-f8087fae6666,player_0151,21,0.333,0.048,0.048,0.19,0.0,791.4,0.238,Achiever
f98a49df-18b3-4bac-9464-27d7245817a8,player_0152,47,0.362,0.043,0.043,0.064,0.085,718.0,0.085,Achiever
c8af2a2f-efb8-48d7-8337-ff08ceb0abcd,player_0153,54,0.074,0.056,0.296,0.296,0.074,776.6,0.185,Achiever
892e74f2-9dfa-48c9-919e-b12b85e4e3e3,player_0154,28,0.036,0.214,0.036,0.071,0.071,1047.6,0.214,Explorer
5546817c-3e18-490e-aaf2-8c68808276ea,player_0155,59,0.051,0.373,0.153,0.034,0.0,1113.4,0.169,Explorer
9a361a9b-7f30-4872-89ff-50700f3808c2,player_0156,46,0.043,0.326,0.283,0.065,0.0,1150.1,0.13,Socializer
da53c223-4322-43f5-9c40-2653e2c14003,player_0157,46,0.065,0.196,0.326,0.152,0.0,1163.3,0.152,Socializer
a1d469cb-09a2-45e2-9afb-4767a1f2d541,player_0158,20,0.1,0.0,0.6,0.05,0.0,1126.1,0.15,Socializer
78708f4a-0559-4b92-9bab-5f42859d78e7,player_0159,53,0.038,0.057,0.057,0.226,0.151,775.4,0.208,Achiever
5199ce27-ef33-4186-9507-4831864af004,player_0160,45,0.267,0.067,0.044,0.0,0.133,555.2,0.178,Killer
07f05ba1-05c1-4edd-99ae-e79b20ef1cb1,player_0161,21,0.0,0.238,0.143,0.0,0.0,1063.5,0.238,Explorer
3ff75d67-5e7a-489c-9165-5aa2523e8a59,player_0162,49,0.061,0.143,0.306,0.224,0.041,728.3,0.143,Achiever
f6ae634d-8bdb-40ec-bd00-b0b369477eac,player_0163,47,0.043,0.191,0.106,0.213,0.085,719.1,0.064,Achiever
b4fcc03b-d7d4-4246-aea5-c24d7472064c,player_0164,30,0.167,0.067,0.067,0.267,0.033,744.3,0.1,Achiever
adf89111-2d5f-44e9-930b-597e53058dd8,player_0165,30,0.233,0.067,0.467,0.1,0.0,1169.1,0.033,Socializer
8a269a2d-0d9f-4b4c-aec7-64c8c488a645,player_0166,73,0.123,0.027,0.301,0.096,0.068,1168.4,0.178,Socializer
b7d1d994-0ecc-4e6d-8636-42ef87dd0b1f,player_0167,60,0.033,0.15,0.1,0.217,0.1,753.0,0.083,Achiever
ef9d0dc7-44cf-46e8-8514-73cfe6d88708,player_0168,78,0.103,0.038,0.051,0.295,0.077,768.0,0.115,Achiever
f0143443-219a-4e79-99ef-c26c09e3fd2c,player_0169,65,0.354,0.046,0.154,0.108,0.077,468.5,0.092,Killer
b9d6efc4-90c1-4551-8b23-f97228e671a4,player_0170,28,0.0,0.036,0.714,0.036,0.0,1053.6,0.107,Socializer
fce88304-91c3-4bdf-93c8-26fd2d1f6f72,player_0171,55,0.055,0.436,0.127,0.055,0.0,1081.0,0.164,Explorer
1bbe7ff5-2eff-4b6b-9874-f730bea05ab8,player_0172,46,0.5,0.109,0.043,0.0,0.043,481.5,0.065,Killer
b7e31ed0-1431-46bc-bf5c-1f296f858d19,player_0173,30,0.167,0.067,0.033,0.233,0.1,739.5,0.033,Achiever
22d06530-61e1-4fd5-9ff9-73dc3a8f2283,player_0174,35,0.057,0.057,0.571,0.114,0.0,1141.3,0.143,Socializer
d15798f7-b9da-4a0a-984a-256bd9460e3e,player_0175,23,0.13,0.217,0.261,0.0,0.043,1134.3,0.217,Socializer
62116205-d7f9-4ea9-aebe-d1c3f53cd4f4,player_0176,64,0.0,0.422,0.047,0.047,0.0,1061.4,0.188,Explorer
afce72ae-27af-4587-b2ac-c4604f193812,player_0177,72,0.542,0.028,0.014,0.014,0.097,503.9,0.194,Killer
41236f90-cb1c-4d76-831c-746a8cf8e0be,player_0178,73,0.027,0.11,0.521,0.123,0.0,1132.3,0.178,Socializer
4dc4b777-679b-4c43-962f-54243e18df80,player_0179,39,0.128,0.308,0.077,0.0,0.026,1012.2,0.154,Explorer
4348bdda-e8e7-451f-916e-30fdc1d1e7f6,player_0180,38,0.026,0.079,0.158,0.132,0.053,1084.1,0.079,Explorer
f439cdf6-29c4-4c0c-bead-0d7bc402c542,player_0181,33,0.091,0.273,0.061,0.061,0.091,1046.8,0.121,Explorer
7f1108dd-68f2-48dc-91fa-e4e1ae3ddae9,player_0182,77,0.545,0.065,0.065,0.013,0.065,515.3,0.234,Killer
c39227e5-66cf-4592-a564-b77f745c077d,player_0183,55,0.509,0.091,0.055,0.018,0.036,492.8,0.2,Killer
df6f5c15-40ac-4c8d-82e3-47891de70c2a,player_0184,62,0.323,0.032,0.032,0.016,0.048,507.6,0.258,Killer
d60c4682-ae36-473d-8e18-cde12252190e,player_0185,60,0.017,0.017,0.8,0.067,0.0,1117.1,0.217,Socializer
49989aab-5675-4495-b6e6-cab5de042942,player_0186,41,0.171,0.049,0.244,0.122,0.098,509.1,0.146,Killer
13716d0c-6a98-470a-9ad4-1b68a45ec503,player_0187,58,0.138,0.103,0.069,0.138,0.121,762.9,0.19,Achiever
b9ab1af6-056a-4966-b5d3-64cad2eff513,player_0188,42,0.024,0.048,0.357,0.119,0.024,1108.7,0.095,Socializer
e277684f-43d8-41a7-be3d-8afcb66e2d12,player_0189,56,0.232,0.018,0.571,0.018,0.018,1142.7,0.143,Socializer
69855c44-3e9b-49b1-9785-517f6cc03315,player_0190,36,0.056,0.028,0.389,0.167,0.056,713.4,0.25,Achiever
da9b453a-2db6-4fa7-ab47-34c69d8d1395,player_0191,60,0.033,0.433,0.067,0.067,0.0,1076.5,0.217,Explorer
106c8971-ee35-4ec7-a11b-249d91e075a4,player_0192,70,0.057,0.229,0.114,0.014,0.029,1137.5,0.157,Explorer
90260411-3d29-4ef4-ab76-d4dcc3d16dde,player_0193,63,0.111,0.079,0.048,0.27,0.143,757.6,0.286,Achiever
c56a2e7f-53fb-4b72-bddd-23044d567ff4,player_0194,74,0.5,0.014,0.041,0.014,0.095,498.1,0.149,Killer
a0e24457-e647-4f56-8c17-fae78c1a6691,player_0195,76,0.0,0.171,0.474,0.092,0.0,1162.9,0.25,Socializer
3bcf571a-b948-4cc1-9a6b-ebf31677b44d,player_0196,61,0.049,0.328,0.049,0.131,0.033,1110.5,0.164,Explorer
ec9dc25b-0e5f-4136-a78a-3fc4da96e371,player_0197,28,0.036,0.071,0.464,0.143,0.036,1183.2,0.143,Socializer
93b286ad-ad04-452f-935b-96a2b33ec2ca,player_0198,37,0.108,0.162,0.324,0.162,0.0,1168.1,0.162,Socializer
0416b9ab-820c-4750-b694-bb6af8ed6b1b,player_0199,79,0.316,0.013,0.025,0.0,0.076,485.6,0.203,Killer
2fc74001-89bc-4bc6-a228-1815e4f78a47,player_0200,41,0.488,0.098,0.049,0.024,0.049,473.0,0.098,Killer
42fe0b94-2fd5-42e5-9c4d-2a5a58cf024a,player_0201,58,0.017,0.19,0.086,0.086,0.017,1073.4,0.121,Explorer
88367305-4214-4218-bf8e-bfc03ed2cd21,player_0202,74,0.014,0.149,0.365,0.135,0.014,1119.4,0.122,Socializer
3657b87c-ecf3-4129-b86d-a76401a8ed7b,player_0203,67,0.045,0.284,0.179,0.075,0.015,1101.8,0.179,Explorer
08bc56f0-6294-424c-9c7a-e0e0da6bfd79,player_0204,42,0.262,0.048,0.071,0.167,0.048,713.7,0.119,Achiever
c3cbe65a-7ae5-4eb5-a220-9cb285f94b2f,player_0205,76,0.171,0.0,0.066,0.197,0.092,739.2,0.184,Achiever
560ecf8b-8fed-4de0-95be-9a581e32eeed,player_0206,59,0.051,0.119,0.542,0.068,0.0,1191.1,0.186,Socializer
53aa31dd-aaae-40c5-8af8-282ea501b6d9,player_0207,41,0.024,0.463,0.122,0.073,0.0,1094.4,0.171,Explorer
71f19936-09ab-43a4-901f-11668dae950a,player_0208,37,0.027,0.081,0.568,0.081,0.0,1079.2,0.189,Socializer
661026d6-1f4e-428b-b7ec-128fa37e66d3,player_0209,24,0.042,0.333,0.0,0.0,0.0,1092.1,0.167,Explorer
42c4032e-c6bb-409f-866f-d03ff0ca1a9e,player_0210,42,0.095,0.357,0.071,0.048,0.024,982.8,0.143,Explorer
d756751a-3da3-4ef2-9a51-0b9655f26ef0,player_0211,62,0.435,0.016,0.016,0.016,0.177,466.7,0.129,Killer
75a19007-0098-4870-93b8-35b661a18305,player_0212,30,0.2,0.067,0.067,0.2,0.133,767.0,0.133,Achiever
5fa35b2c-2c12-45a3-8153-b32234218112,player_0213,36,0.5,0.028,0.0,0.0,0.083,481.8,0.083,Killer
43a82459-75c1-400c-b14a-1da9f0eb9f39,player_0214,76,0.013,0.039,0.342,0.184,0.053,1153.5,0.211,Socializer
fc596a19-7ddc-451a-b64d-3e714b0c6ae0,player_0215,67,0.075,0.0,0.045,0.388,0.104,762.0,0.194,Achiever
f67a4781-ca9e-404a-b930-c6515c147b47,player_0216,36,0.028,0.028,0.667,0.028,0.028,1113.9,0.056,Socializer
3070439b-e991-4c9d-bb9c-4db4895ebb66,player_0217,48,0.271,0.104,0.104,0.021,0.0,485.3,0.083,Killer
fdbf6a30-11c2-462e-a1f7-70a9cc6af43c,player_0218,63,0.333,0.063,0.206,0.0,0.063,510.7,0.206,Killer
ee815625-664c-4f60-a129-fb638a7108d1,player_0219,34,0.147,0.176,0.029,0.382,0.029,679.7,0.147,Achiever
f7c2846c-788e-400f-81a8-11de60b5a76d,player_0220,61,0.049,0.311,0.115,0.049,0.0,1055.2,0.18,Explorer
bb03894f-3935-41e3-8a90-4a38e5052dc5,player_0221,21,0.0,0.048,0.714,0.143,0.0,1130.4,0.095,Socializer
ede2a4fa-66f8-4f82-bd9c-3e02f958b5ec,player_0222,27,0.037,0.037,0.407,0.074,0.037,1197.3,0.222,Socializer
0d6c1b2c-f580-4f3a-86de-60e4dddf9b5d,player_0223,59,0.068,0.22,0.034,0.051,0.0,1047.3,0.119,Explorer
d876010f-eb91-431e-b61e-5302f358b359,player_0224,59,0.034,0.153,0.051,0.339,0.034,709.9,0.153,Achiever
8fd2bac3-2770-4b38-a46f-a8a341980259,player_0225,60,0.133,0.033,0.15,0.133,0.117,700.0,0.133,Achiever
ffa422a6-5460-43a2-b13d-cbe647fb5f64,player_0226,57,0.088,0.053,0.018,0.439,0.035,752.1,0.14,Achiever
73b81d1a-b86f-4a5b-ba90-e6b43447ffcc,player_0227,66,0.045,0.333,0.182,0.076,0.0,1109.2,0.273,Explorer
beec1325-6f23-46cf-b5b6-ebc774b121fe,player_0228,68,0.029,0.235,0.176,0.118,0.0,1057.2,0.176,Explorer
452eae54-21d1-4ff4-b3a4-8a13abbddae3,player_0229,78,0.295,0.256,0.09,0.064,0.026,1068.4,0.167,Explorer
62eba983-b788-4466-b59a-144b99554995,player_0230,21,0.095,0.143,0.286,0.048,0.0,1007.8,0.238,Socializer
7a19748b-615f-4e9f-8583-e58dbc4356bc,player_0231,78,0.577,0.026,0.026,0.0,0.064,484.3,0.205,Killer
db10792e-54a6-4ead-840c-e0815aac4351,player_0232,48,0.062,0.188,0.104,0.146,0.083,1046.8,0.104,Explorer
a5424a0a-8b46-4ca7-ae62-22ef02bcea5b,player_0233,59,0.085,0.034,0.051,0.373,0.068,733.2,0.186,Achiever
80064952-837e-49e6-8cf4-cf69d13d1a9d,player_0234,74,0.189,0.027,0.054,0.149,0.081,763.2,0.189,Achiever
8e6881b7-b7de-4adc-a096-8260e5ae33f6,player_0235,71,0.183,0.014,0.028,0.366,0.042,768.9,0.141,Achiever
7ea363ab-e573-4d33-a264-5ed26bb7a926,player_0236,25,0.44,0.12,0.2,0.0,0.0,479.9,0.16,Killer
03b41a0c-92bb-4719-81d9-f0cbff0f2dc2,player_0237,74,0.027,0.284,0.068,0.149,0.041,1080.6,0.162,Explorer
f45ab3ca-4182-48c8-b41a-08e81568d387,player_0238,44,0.045,0.386,0.114,0.023,0.023,1112.8,0.182,Explorer
ca2321a2-1c17-42f4-90d4-eb22d3bc3523,player_0239,59,0.373,0.051,0.017,0.0,0.153,470.5,0.186,Killer
d8dad319-6fb0-41d0-81e0-d97f965e2a12,player_0240,23,0.043,0.087,0.174,0.217,0.13,780.4,0.174,Achiever
bd8828b4-9ee9-4a63-b9af-cc597bf567b5,player_0241,66,0.015,0.409,0.121,0.045,0.0,1056.8,0.212,Explorer
2fba92a8-f7aa-488c-ab1d-0b89830a8773,player_0242,72,0.153,0.111,0.514,0.056,0.042,1108.9,0.181,Socializer
dea9462e-a28e-471c-8574-49b7841a488e,player_0243,75,0.013,0.44,0.133,0.053,0.013,1092.2,0.16,Explorer
af5ea307-3fc9-413d-8aeb-f6e9994691a2,player_0244,78,0.051,0.09,0.615,0.09,0.013,1144.2,0.115,Socializer
a4b1185b-7eb3-47b1-8d81-dc1484243b70,player_0245,40,0.075,0.075,0.2,0.125,0.15,740.2,0.075,Achiever
e194b5bc-5efe-4de3-87c4-27c2a98b9256,player_0246,65,0.2,0.077,0.077,0.092,0.062,522.0,0.215,Killer
a081ec65-0543-4bb9-b80e-4c8988a0676d,player_0247,64,0.344,0.0,0.016,0.234,0.031,500.8,0.125,Killer
3f2a1a5c-f5a5-4c3e-94fb-b524fad2dee5,player_0248,63,0.508,0.032,0.032,0.0,0.032,546.7,0.222,Killer
62511eb1-f647-4b3a-a3e8-b776c1608435,player_0249,45,0.089,0.222,0.111,0.022,0.0,1039.7,0.111,Explorer
da3a305c-85c2-4a4f-9b4c-b89fdae70386,player_0250,73,0.192,0.082,0.014,0.123,0.096,497.9,0.123,Killer
ade009da-2645-4508-8480-30f720712890,player_0251,42,0.429,0.048,0.048,0.095,0.024,510.4,0.19,Killer
42a8cd17-dd92-4146-96e4-e02f8c32cbed,player_0252,41,0.415,0.098,0.0,0.049,0.146,505.4,0.195,Killer
84729c02-a1ae-424a-97d4-e54192bd126a,player_0253,42,0.286,0.119,0.024,0.0,0.071,470.8,0.31,Killer
5da5a0d8-5513-4044-bc86-4939371a8f6d,player_0254,43,0.07,0.023,0.07,0.326,0.047,711.5,0.14,Achiever
1a86b5e1-394f-4b6d-afff-89d3e0ab7052,player_0255,34,0.0,0.059,0.412,0.206,0.0,1107.8,0.265,Socializer
9223d1c1-49e4-4b88-9e23-9d3685273065,player_0256,30,0.1,0.2,0.167,0.167,0.0,1087.4,0.167,Explorer
864653ea-0e3c-4f06-a3a4-8b61df870881,player_0257,62,0.016,0.065,0.677,0.113,0.0,1128.6,0.161,Socializer
c0754f71-0eb1-4595-9555-53f4471f70fa,player_0258,44,0.136,0.091,0.091,0.182,0.023,737.9,0.25,Achiever
0c884494-7cf0-4fe8-a828-2a0d83ffc38b,player_0259,39,0.026,0.051,0.026,0.462,0.128,765.5,0.179,Achiever
005dc0ba-a341-47a2-a025-6f5e7c563899,player_0260,56,0.143,0.125,0.089,0.161,0.089,760.9,0.232,Achiever
768d7340-247b-4e2c-bc9a-43cc56b03710,player_0261,28,0.071,0.179,0.286,0.143,0.071,1147.7,0.036,Socializer
7b19e793-dfc5-46e1-a00e-a42bcf25a4ca,player_0262,78,0.141,0.077,0.218,0.282,0.026,758.9,0.077,Achiever
e5cc4f9c-9cb4-477d-9d56-099c2fd66256,player_0263,74,0.014,0.203,0.203,0.095,0.0,1080.5,0.176,Explorer
883efddf-98de-4667-bf33-1b670edc4f41,player_0264,66,0.015,0.212,0.091,0.106,0.0,1062.5,0.167,Explorer
df1c25ce-a75e-4322-9db5-a50aa31bd468,player_0265,22,0.364,0.045,0.045,0.0,0.182,484.5,0.045,Killer
c54e4c93-654e-40c8-9b2a-e0a6f0720c74,player_0266,26,0.115,0.038,0.038,0.346,0.038,750.4,0.192,Achiever
88a7f809-a439-4e6b-924f-e5c837d26794,player_0267,77,0.545,0.091,0.013,0.013,0.026,512.5,0.156,Killer
ae8814ae-2377-499e-af77-629be0cdd31a,player_0268,60,0.067,0.083,0.067,0.383,0.033,761.9,0.15,Achiever
dcaaf509-5011-428f-a437-b4f467ba4e82,player_0269,57,0.193,0.053,0.105,0.14,0.088,705.3,0.193,Achiever
9896a050-8496-4b77-9c84-32d2337a74bc,player_0270,22,0.545,0.045,0.0,0.0,0.045,425.4,0.227,Killer
0f60bf77-594d-4f59-be42-101ff4c8242d,player_0271,24,0.125,0.0,0.542,0.042,0.0,1210.8,0.292,Socializer
98d1dd13-6995-49f2-8b0d-74083123769c,player_0272,54,0.333,0.056,0.241,0.074,0.056,529.1,0.148,Killer
e06efc5f-6017-4112-b4d8-b9e362552189,player_0273,27,0.074,0.185,0.148,0.111,0.0,1143.5,0.185,Explorer
744942bd-d8ea-4191-ad84-de2960c5d1a8,player_0274,33,0.03,0.121,0.424,0.152,0.0,1164.8,0.121,Socializer
61ab6566-9f80-4143-983e-c12cbaa4c985,player_0275,21,0.048,0.286,0.048,0.095,0.0,1098.7,0.19,Explorer
9a698db7-0cc5-41e1-bab6-a5835ab36caa,player_0276,44,0.068,0.0,0.318,0.25,0.045,1172.5,0.182,Socializer
4253c3d9-d05b-4357-98e5-0d9172a944bf,player_0277,35,0.057,0.371,0.029,0.057,0.029,1089.7,0.143,Explorer
0dab74b5-2d68-499d-92e7-2d9e0a9c4d27,player_0278,23,0.0,0.087,0.304,0.174,0.043,779.7,0.174,Achiever
48f132fa-ba21-4180-bb7d-3e4151267371,player_0279,57,0.07,0.088,0.053,0.228,0.123,750.3,0.193,Achiever
99abe823-ce8b-4b95-89ed-5a9fc9f57e5b,player_0280,75,0.147,0.027,0.027,0.24,0.093,740.1,0.24,Achiever
5e3f4db0-142e-4ae5-b2b0-c60efd22e936,player_0281,34,0.235,0.059,0.0,0.0,0.029,507.9,0.206,Killer
45d572aa-e13e-4fa9-b9e4-6219b3dfc78c,player_0282,22,0.045,0.0,0.773,0.0,0.0,1222.9,0.182,Socializer
8634b6c8-0460-4c62-95df-148a302c6471,player_0283,28,0.5,0.0,0.0,0.0,0.143,450.6,0.143,Killer
c4bf7e16-d199-404c-8f70-cda329c2e531,player_0284,57,0.088,0.404,0.123,0.088,0.018,1031.8,0.158,Explorer
9989ff70-aab8-4fa9-984e-09708a7352c5,player_0285,68,0.353,0.059,0.25,0.029,0.059,478.1,0.235,Killer
064866aa-c219-4407-8954-4454c2641029,player_0286,34,0.088,0.088,0.294,0.088,0.118,764.9,0.206,Achiever
eebf8b5e-18ec-44cb-afe8-19c83a79f787,player_0287,33,0.091,0.212,0.333,0.091,0.03,1069.6,0.152,Socializer
8c833d33-f094-4044-a396-a65ee8feb4f0,player_0288,79,0.063,0.0,0.076,0.241,0.152,755.4,0.177,Achiever
e5c64be9-cc88-480b-aa1f-db3080009d6c,player_0289,54,0.167,0.093,0.167,0.111,0.019,1177.4,0.093,Socializer
8f085e3f-e2f9-484c-9eb4-fb2cf9d11279,player_0290,80,0.125,0.075,0.037,0.25,0.163,786.1,0.2,Achiever
f3f49407-156d-42ac-a518-8ed06543e296,player_0291,26,0.077,0.346,0.115,0.115,0.038,1066.4,0.192,Explorer
3007517e-2e66-49ed-9372-388c7376348f,player_0292,37,0.027,0.135,0.541,0.108,0.0,1119.9,0.189,Socializer
23fe0b70-a037-41f6-85ac-87204e3c6ffb,player_0293,77,0.078,0.052,0.065,0.247,0.143,706.2,0.13,Achiever
8837be33-0c26-4e4c-bd7f-497f35700de4,player_0294,21,0.0,0.381,0.0,0.048,0.0,1088.8,0.238,Explorer
5ae78315-c417-488f-9a45-4440a9b96a06,player_0295,66,0.106,0.227,0.091,0.091,0.061,1027.9,0.167,Explorer
65184d12-1e1c-4896-a67b-914db578de76,player_0296,80,0.212,0.35,0.062,0.1,0.013,1067.4,0.25,Explorer
f1a8c969-a9cc-4067-acd2-f006b771452c,player_0297,23,0.13,0.13,0.174,0.174,0.0,772.1,0.043,Achiever
f97acfb2-77cf-45eb-98ec-85e3b017feab,player_0298,67,0.015,0.433,0.09,0.06,0.03,1106.9,0.149,Explorer
3db0447c-e2e0-419f-a58c-9a6e7fb00059,player_0299,41,0.122,0.049,0.024,0.341,0.098,786.0,0.22,Achiever
63b8673a-295a-47d7-8f48-0ba4f201e4a4,player_0300,40,0.1,0.025,0.7,0.075,0.0,1140.0,0.1,Socializer
9cd4b726-1a59-48ec-868c-60bc269300cc,player_0301,40,0.0,0.0,0.5,0.225,0.05,1171.3,0.2,Socializer
248b2cd7-d666-4993-ad8a-648e6b3c66d8,player_0302,52,0.038,0.077,0.519,0.154,0.0,1142.9,0.154,Socializer
32273ee2-d274-4d53-b4cd-eb56b435bf79,player_0303,27,0.037,0.407,0.111,0.111,0.074,1121.6,0.185,Explorer
d16d2acb-ea86-47a0-9500-97be09fae332,player_0304,22,0.318,0.091,0.045,0.091,0.136,491.2,0.136,Killer
fac705bb-7aca-47ff-bb76-d097507fc5b4,player_0305,68,0.029,0.338,0.088,0.015,0.0,1064.8,0.103,Explorer
881a9248-6ab7-4dfe-b24e-be0c32493408,player_0306,21,0.095,0.0,0.143,0.286,0.0,763.6,0.238,Achiever
33cffa8d-f417-4dee-a483-f1ca03ec6a5f,player_0307,66,0.136,0.439,0.076,0.061,0.0,1064.6,0.197,Explorer
7208b49d-ef2f-42a6-94ff-998e0987967f,player_0308,43,0.535,0.047,0.047,0.047,0.023,457.3,0.116,Killer
fbd9680a-57a1-469b-a866-d4030b76dcba,player_0309,30,0.5,0.067,0.0,0.0,0.033,480.2,0.1,Killer
8aa3d778-33ac-447b-99e8-5f1eeaa00666,player_0310,71,0.127,0.056,0.0,0.31,0.141,728.3,0.169,Achiever
77ed75f9-25a8-49a1-9db6-ee74af96053e,player_0311,25,0.0,0.36,0.24,0.04,0.0,1016.0,0.12,Explorer
2c43e7cf-7e65-4d79-8ae7-46a2fee51e5c,player_0312,77,0.39,0.039,0.052,0.026,0.065,535.5,0.13,Killer
09ede74f-12bf-493c-9b76-7d71bcc6c4b9,player_0313,66,0.652,0.061,0.015,0.015,0.045,508.1,0.167,Killer
3b17e3af-030d-40ce-9257-827891d1438e,player_0314,45,0.378,0.089,0.022,0.044,0.111,503.3,0.178,Killer
f48e6c90-c830-4071-8b2d-5c1600d8f8ed,player_0315,28,0.143,0.036,0.071,0.143,0.143,743.1,0.179,Achiever
8e618850-7908-49f4-ba72-2df89b67a8e2,player_0316,65,0.062,0.354,0.077,0.108,0.015,1030.1,0.062,Explorer
7aa6affb-3efa-4342-aeaf-c8f8aec4fb55,player_0317,34,0.029,0.118,0.618,0.088,0.029,1104.9,0.029,Socializer
2eb28ac4-47e7-4ccb-bc41-8d4d93a5a14d,player_0318,73,0.068,0.041,0.411,0.123,0.0,1144.9,0.164,Socializer
fc6756e2-f6c4-4098-91ee-e412e7b09d34,player_0319,70,0.014,0.343,0.1,0.129,0.0,1062.6,0.2,Explorer
f50a5bc1-b0e0-4eb4-b2f2-5415ee1f40de,player_0320,55,0.109,0.036,0.073,0.309,0.036,770.2,0.055,Achiever
3311d154-ad40-4ff7-907c-97602a9c1bc8,player_0321,54,0.167,0.056,0.037,0.259,0.074,744.1,0.278,Achiever
86158028-ff55-4be9-852d-6671c668c774,player_0322,55,0.291,0.291,0.055,0.018,0.055,475.2,0.164,Killer
fe3e3cde-e2d8-489e-b6c5-f1e491185179,player_0323,52,0.346,0.038,0.058,0.0,0.096,500.4,0.115,Killer
0646a940-7099-4c0a-906f-2671f4ad14e2,player_0324,79,0.316,0.038,0.051,0.0,0.127,471.2,0.19,Killer
8a37e05a-03ac-4c14-8449-f454a5df83a1,player_0325,71,0.099,0.014,0.113,0.197,0.07,772.2,0.113,Achiever
afce3e07-1f76-4d06-bf48-e3fdad4fc492,player_0326,77,0.584,0.065,0.052,0.026,0.013,495.2,0.221,Killer
5aa2e3b4-f3cb-417f-9651-087493997647,player_0327,68,0.103,0.118,0.353,0.029,0.029,1157.7,0.118,Socializer
ee62b9c5-1a84-4426-8090-ac6364bf7aad,player_0328,67,0.119,0.269,0.149,0.134,0.0,1146.2,0.104,Explorer
5b710f29-baf0-4022-b7bf-fbb3585d6814,player_0329,42,0.238,0.071,0.5,0.024,0.071,1153.1,0.095,Socializer
205906c0-2cf1-4a16-adfb-2ad31d03ecca,player_0330,77,0.065,0.351,0.13,0.065,0.013,1091.9,0.078,Explorer
de5ffb94-e603-452f-a225-73c8c828f51c,player_0331,40,0.0,0.1,0.625,0.05,0.0,1176.5,0.125,Socializer
1d051d80-c746-42b0-9e5a-d11b4b3279b9,player_0332,36,0.194,0.056,0.028,0.306,0.083,773.5,0.139,Achiever
384e29df-45d0-4c17-9dec-058ccda197b7,player_0333,51,0.02,0.176,0.02,0.118,0.039,764.9,0.176,Achiever
f705a944-0c5d-4dd6-bb74-634fce7e123a,player_0334,53,0.075,0.057,0.396,0.113,0.038,1092.7,0.226,Socializer
31465276-dd0f-4e9d-89e2-f8b018547503,player_0335,65,0.6,0.0,0.031,0.0,0.062,516.5,0.185,Killer
df650e0b-f4bf-4092-b5c3-77a967af1eee,player_0336,65,0.015,0.062,0.492,0.077,0.031,1169.0,0.108,Socializer
454b335c-a648-4670-83cb-3243ea7ac900,player_0337,50,0.04,0.12,0.56,0.12,0.02,1229.9,0.06,Socializer
8170afa3-a270-42be-860a-2ae20183156d,player_0338,20,0.0,0.35,0.25,0.05,0.0,1219.6,0.2,Socializer
4dd9f100-ad43-4b96-967b-31863be45325,player_0339,80,0.6,0.05,0.0,0.013,0.062,485.1,0.062,Killer
bb91c421-8bea-4d13-89a6-2f2076d27ce2,player_0340,71,0.296,0.042,0.028,0.113,0.085,772.4,0.183,Achiever
e4e74f22-1ef2-486a-b7d9-243d2b49beed,player_0341,22,0.045,0.318,0.091,0.0,0.091,1113.0,0.227,Explorer
cbe1f857-a5fb-4094-a218-cb9962b0aa82,player_0342,38,0.0,0.079,0.421,0.211,0.053,1141.2,0.237,Socializer
01d83710-afa2-4aef-917b-226fca1d76ae,player_0343,45,0.267,0.156,0.067,0.0,0.022,485.7,0.178,Killer
2321de1d-d850-45e4-b72d-c93bb1a71ec1,player_0344,75,0.093,0.347,0.067,0.067,0.0,1030.2,0.213,Explorer
4c228524-4441-4b3e-9b4b-ca045a372512,player_0345,22,0.045,0.091,0.5,0.045,0.0,1158.5,0.091,Socializer
cfe2b33a-c78b-458c-9f7d-24b25663830f,player_0346,32,0.062,0.031,0.625,0.031,0.031,1162.9,0.125,Socializer
9ded06ea-aeff-4efc-8784-b84b8fe1367f,player_0347,61,0.443,0.033,0.0,0.016,0.082,490.4,0.197,Killer
5a46ddc0-4608-45e4-a830-7b2e93059364,player_0348,55,0.018,0.418,0.127,0.055,0.018,1088.4,0.145,Explorer
55daaf5b-4ff3-4597-a2ad-bab325194fc9,player_0349,20,0.45,0.05,0.0,0.2,0.15,729.9,0.15,Achiever
3ab60a19-195d-4f4f-9977-9abea22f7e78,player_0350,40,0.0,0.275,0.2,0.025,0.0,1060.7,0.15,Explorer
917625a4-f7fa-4f82-b93a-c97969bd215b,player_0351,61,0.082,0.295,0.082,0.164,0.016,1045.8,0.18,Explorer
0392a88f-adba-4818-950b-0ce4dc1581d7,player_0352,43,0.047,0.116,0.605,0.047,0.0,1093.6,0.14,Socializer
540b55f3-8fa1-4fd0-9d49-9bd4c4fb2b28,player_0353,42,0.214,0.048,0.071,0.262,0.071,756.9,0.095,Achiever
7fb6612d-94f6-4309-9f64-1443df0462b5,player_0354,46,0.043,0.283,0.043,0.043,0.022,1047.8,0.109,Explorer
1dc63d91-4c17-41eb-91ed-ac94fcf273e3,player_0355,29,0.034,0.034,0.138,0.414,0.034,744.3,0.103,Achiever
2bca0df1-6dd1-46f2-bd92-9dee56fe5896,player_0356,49,0.429,0.02,0.02,0.041,0.082,481.1,0.143,Killer
35064722-9836-49a2-bbdf-f8891ecd8a11,player_0357,46,0.043,0.304,0.109,0.109,0.065,1111.5,0.217,Explorer
d71453d5-6bae-41fd-9466-34f29a94d24e,player_0358,76,0.329,0.053,0.0,0.092,0.066,483.9,0.145,Killer
a95ce039-28ec-46b1-8df7-08664eb85739,player_0359,20,0.15,0.05,0.05,0.25,0.15,747.0,0.1,Achiever
d73eaa79-8ad5-4342-8482-8c9568502d8b,player_0360,61,0.0,0.262,0.328,0.066,0.033,1064.2,0.18,Explorer
0739b510-11d4-4aef-94b2-0751b98ce020,player_0361,50,0.02,0.4,0.22,0.04,0.0,1120.9,0.12,Explorer
1ba57108-4d18-44e8-9bb2-c5c458b6a67e,player_0362,43,0.07,0.047,0.07,0.186,0.163,757.0,0.326,Achiever
7518e258-f2cd-4d3b-9258-81b76f6bd7a4,player_0363,71,0.028,0.099,0.437,0.169,0.0,1166.3,0.127,Socializer
137951a8-5c55-4416-adfd-703dc167ba44,player_0364,30,0.1,0.067,0.033,0.233,0.1,749.7,0.133,Achiever
6a3772fe-bbf6-41e7-8507-c2ccb98b0d13,player_0365,21,0.095,0.238,0.19,0.095,0.0,1255.3,0.095,Socializer
a40e27cd-fd33-42d2-9d34-0e28a3feac80,player_0366,52,0.077,0.192,0.212,0.154,0.0,1115.9,0.212,Explorer
04468770-f576-48c9-b24b-966139dbefea,player_0367,47,0.277,0.149,0.085,0.021,0.021,474.9,0.234,Killer
f4a317ed-9dea-4012-8f6d-f8195df273c0,player_0368,59,0.017,0.136,0.508,0.085,0.017,1110.9,0.237,Socializer
91460a4c-6732-491c-8472-06d8b095770c,player_0369,64,0.344,0.062,0.031,0.0,0.156,509.6,0.156,Killer
d829eb30-6af5-4300-a5c9-dd2c9ecc1ceb,player_0370,61,0.033,0.361,0.082,0.115,0.0,1025.6,0.23,Explorer
e1b10758-aca2-4928-a4b8-d578e9c645f2,player_0371,37,0.189,0.027,0.027,0.27,0.081,791.7,0.189,Achiever
6341b5a9-8791-4c60-8f73-2d5b5b9ccbd7,player_0372,44,0.023,0.136,0.409,0.136,0.0,1194.2,0.182,Socializer
7e97934b-b5c7-439e-b1e5-9744ab74eeee,player_0373,43,0.0,0.163,0.581,0.047,0.023,1190.6,0.07,Socializer
69de7075-5794-4df1-a9f1-254e725b5f46,player_0374,45,0.044,0.267,0.2,0.111,0.0,1098.3,0.178,Explorer
d0598dc3-7900-4b04-b8d4-6e7359a3d006,player_0375,76,0.053,0.079,0.355,0.105,0.053,1121.4,0.145,Socializer
5bc3d901-5efb-410c-b9b0-deab35fed334,player_0376,46,0.043,0.435,0.109,0.043,0.022,1068.8,0.239,Explorer
8b51993a-d8e9-4d16-acaa-301f63eba323,player_0377,30,0.133,0.033,0.1,0.3,0.0,743.5,0.367,Achiever
3e095195-1a96-49f6-bdba-0258480a8045,player_0378,22,0.091,0.045,0.0,0.409,0.136,749.3,0.182,Achiever
781d4831-289f-4ba3-9226-c74cf00b44c2,player_0379,42,0.024,0.5,0.119,0.0,0.024,1125.0,0.167,Explorer
7876ffd9-8b95-4146-affb-c0c4404cc937,player_0380,25,0.4,0.04,0.04,0.0,0.04,503.4,0.24,Killer
d65c8a93-3c61-4092-868c-09b2b90f4339,player_0381,40,0.325,0.15,0.025,0.0,0.05,509.0,0.175,Killer
f6659464-ed94-4f5a-85f0-74fc6194699f,player_0382,47,0.362,0.191,0.043,0.0,0.064,534.3,0.106,Killer
b0acfc7b-a012-42eb-a299-121eb70c0c75,player_0383,36,0.0,0.083,0.306,0.028,0.0,1055.7,0.083,Explorer
c5c00e04-77c0-49fe-8abe-0febe2d08346,player_0384,30,0.0,0.167,0.067,0.067,0.0,1044.7,0.133,Explorer
a3eb1e77-2cf6-491f-8b16-8a840a2fba67,player_0385,20,0.05,0.0,0.05,0.35,0.3,727.2,0.1,Achiever
f4a64646-09fc-4673-b01f-ac5e826ebf2d,player_0386,30,0.5,0.0,0.0,0.033,0.1,507.5,0.1,Killer
9c1b5864-f709-4d09-b5e4-a3ffc0df0995,player_0387,25,0.0,0.08,0.16,0.08,0.04,1041.8,0.2,Explorer
10777679-ec8d-4465-8e46-b85abd81f933,player_0388,76,0.368,0.026,0.066,0.013,0.026,464.3,0.25,Killer
9e95c6d5-5faa-4fcb-bb00-51d5807dffa1,player_0389,26,0.077,0.269,0.077,0.077,0.038,1116.3,0.115,Explorer
2ee3bcc2-e6e4-471b-b952-77d326730652,player_0390,43,0.372,0.047,0.0,0.186,0.093,722.4,0.163,Achiever
873cf81a-a3c2-4d20-82a9-3f558b789b54,player_0391,47,0.106,0.106,0.064,0.213,0.128,770.2,0.234,Achiever
756c7c1e-08f5-4558-b389-abf2c0d2aafd,player_0392,52,0.077,0.192,0.135,0.077,0.038,734.0,0.096,Achiever
820236e7-1d09-445e-b43d-043f1b89ca1c,player_0393,24,0.25,0.167,0.167,0.042,0.0,1115.2,0.292,Explorer
423ecb66-6683-486b-9711-9a97afb3958d,player_0394,79,0.025,0.177,0.443,0.076,0.038,1104.9,0.076,Socializer
4b443bd0-4da1-45cc-8f3b-a4d9afb65e6e,player_0395,51,0.137,0.157,0.157,0.118,0.02,1094.0,0.235,Explorer
f0e67118-0d58-4d89-a32f-8ca9b5cf1599,player_0396,73,0.192,0.274,0.096,0.055,0.055,1101.3,0.274,Explorer
37265857-316d-4352-806e-f532be279df6,player_0397,52,0.423,0.0,0.154,0.135,0.038,502.9,0.231,Killer
2dfdc808-9079-4ecd-9a45-78d46ec3cb86,player_0398,38,0.053,0.053,0.421,0.079,0.079,1159.6,0.211,Socializer
8d5e3615-f547-4e76-815f-93ce89e663cc,player_0399,43,0.326,0.07,0.07,0.093,0.07,750.2,0.14,Achiever
b0a267ce-7497-47d5-a530-5ba150ccdc75,player_0400,51,0.02,0.216,0.0,0.157,0.02,1020.2,0.176,Explorer
f7a6d30d-e5eb-47ae-9b65-94c992237065,player_0401,78,0.205,0.115,0.218,0.077,0.077,1175.5,0.167,Socializer
d1078fc4-32ec-46a0-ac39-4584397693da,player_0402,49,0.327,0.102,0.041,0.0,0.102,498.0,0.143,Killer
d3590514-3bfb-4972-8f4b-34e2fd4a9868,player_0403,79,0.468,0.101,0.0,0.0,0.051,498.2,0.241,Killer
1c627df0-66a0-425e-9c0d-259b468849ec,player_0404,36,0.056,0.194,0.083,0.167,0.0,1083.8,0.222,Explorer
868ec1ed-a010-45cd-9547-a2942a1ed374,player_0405,45,0.022,0.044,0.044,0.289,0.067,690.1,0.156,Achiever
0a74d128-6b3b-483a-9975-f1b157fc460e,player_0406,47,0.553,0.064,0.021,0.0,0.064,486.4,0.17,Killer
980982f4-f546-47c0-8837-f770dcd76c6c,player_0407,34,0.029,0.088,0.088,0.235,0.147,759.2,0.324,Achiever
8eef86e4-687a-4fca-a6db-b1b6dfc902bb,player_0408,32,0.062,0.406,0.125,0.031,0.031,1074.7,0.062,Explorer
892b81a9-4b82-4cda-be63-d489b1e21cca,player_0409,44,0.068,0.136,0.295,0.182,0.068,1149.3,0.205,Socializer
e6be270b-d9a1-4fab-9d29-8bb9d8af454e,player_0410,25,0.0,0.04,0.48,0.12,0.0,1108.5,0.04,Socializer
5c40ccba-c9e7-4577-92cb-bc2e334739b5,player_0411,42,0.048,0.071,0.524,0.071,0.048,1056.3,0.19,Socializer
7afa35a2-9000-4e3b-ac14-17d4199b2cb4,player_0412,32,0.0,0.219,0.188,0.062,0.031,1073.4,0.094,Explorer
c0efe095-6e4e-491b-9470-e303f5648d18,player_0413,53,0.113,0.075,0.34,0.189,0.075,1117.3,0.151,Socializer
ea892682-3f4d-427d-acbc-79decc5d974d,player_0414,53,0.019,0.321,0.358,0.019,0.0,1132.9,0.151,Explorer
db8283c5-092d-44f6-8fa1-2b5efba2aa9d,player_0415,71,0.394,0.07,0.014,0.014,0.042,493.1,0.155,Killer
6cd2aad3-a66e-4415-815f-4ab92079299c,player_0416,72,0.181,0.264,0.097,0.083,0.028,1052.0,0.139,Explorer
bd6301cf-4660-42ac-add8-52e0e3fe1c93,player_0417,79,0.165,0.038,0.063,0.215,0.101,715.8,0.101,Achiever
3b0e8572-d21e-4648-a737-cfafeb5216a6,player_0418,77,0.065,0.039,0.208,0.221,0.091,721.7,0.156,Achiever
da0e63ba-00ce-4ca9-8b80-98203f611e0f,player_0419,70,0.486,0.043,0.014,0.014,0.114,504.8,0.186,Killer
109dd752-ebed-4fb0-ba9c-73a36065c601,player_0420,54,0.037,0.093,0.648,0.074,0.0,1063.3,0.222,Socializer
c128ea1b-9311-4374-9be1-d0d613d3db5d,player_0421,55,0.036,0.036,0.018,0.382,0.164,787.2,0.127,Achiever
511e3f60-3345-442d-8438-9c00c5f4bb51,player_0422,80,0.037,0.163,0.438,0.1,0.05,1154.4,0.125,Socializer
e6e7ab4e-a825-4952-a620-ec53d5af218c,player_0423,47,0.149,0.043,0.064,0.362,0.085,758.0,0.17,Achiever
c8b0c5bf-4f90-4e38-ab3f-765f0dfa99b7,player_0424,56,0.036,0.107,0.375,0.232,0.0,1185.5,0.161,Socializer
a021ce2d-1fa1-4bf8-9389-75f4eb800642,player_0425,65,0.462,0.046,0.015,0.015,0.092,480.7,0.169,Killer
5a3f7a95-e668-48db-99f6-52946e4e2d5d,player_0426,71,0.028,0.169,0.69,0.0,0.0,1142.2,0.113,Socializer
61577c70-d7f4-4cc0-9339-40f047a9271f,player_0427,67,0.104,0.03,0.015,0.448,0.09,718.0,0.149,Achiever
f4e5b2f0-c552-4824-af7f-8ebfc74e3fc1,player_0428,24,0.042,0.042,0.5,0.125,0.0,1060.0,0.042,Socializer
e3c9e40f-2b2a-4f53-88f5-ccd5e3aae27d,player_0429,75,0.04,0.08,0.587,0.133,0.0,1136.5,0.173,Socializer
f2891746-c105-49e3-affc-857904b3ed4e,player_0430,47,0.0,0.489,0.064,0.085,0.0,1035.0,0.128,Explorer
a2563b57-5e1f-4035-8afb-13780bfb7183,player_0431,31,0.065,0.032,0.323,0.032,0.065,1209.4,0.226,Socializer
b25206fa-46ea-4a9a-a7d9-6598e13ef776,player_0432,72,0.486,0.014,0.014,0.0,0.042,499.8,0.222,Killer
78e1c1da-98fc-4596-88dd-dec0b5b1574e,player_0433,42,0.048,0.357,0.19,0.024,0.0,988.8,0.119,Explorer
62502e62-300c-4b0f-bc16-991db4960e5e,player_0434,47,0.319,0.128,0.021,0.0,0.106,527.9,0.17,Killer
af28bd09-13b5-44e0-96be-c12bd6db837d,player_0435,42,0.0,0.095,0.595,0.143,0.0,1133.9,0.143,Socializer
6f421e34-2ce9-412b-97a5-851d170dd17c,player_0436,30,0.0,0.1,0.433,0.2,0.033,1108.8,0.133,Socializer
6234d905-ad45-4b18-895c-fe04c9e4e12e,player_0437,36,0.056,0.194,0.389,0.056,0.0,1028.4,0.194,Explorer
971876b3-99b9-498e-9451-5bb67c81a7bb,player_0438,72,0.069,0.125,0.361,0.083,0.042,1175.6,0.167,Socializer
1feed30d-619f-4feb-8109-95adc59bd9e7,player_0439,53,0.226,0.189,0.113,0.019,0.038,537.7,0.189,Killer
551454d7-0455-4d4f-8a57-a6bcefdd957e,player_0440,34,0.147,0.412,0.0,0.088,0.059,1070.8,0.059,Explorer
f839e333-6dd5-4956-b4f1-c70e9a4c2c10,player_0441,39,0.026,0.051,0.462,0.154,0.0,1122.5,0.231,Socializer
3aa7c01b-2557-4b0e-bf87-61efc327f4eb,player_0442,66,0.106,0.409,0.121,0.03,0.0,1092.6,0.152,Explorer
d9dcb9cf-1cd8-435f-8613-6c984511e429,player_0443,63,0.032,0.381,0.095,0.079,0.016,1085.1,0.095,Explorer
a5b768ab-8521-46fd-b033-7cf9ed859352,player_0444,40,0.275,0.075,0.225,0.025,0.075,509.7,0.175,Killer
a7713c69-8554-481c-9938-24b26d8e2ac1,player_0445,39,0.0,0.231,0.436,0.103,0.0,1118.8,0.154,Socializer
95ccc909-c675-4f19-9bcd-ddb0d7022581,player_0446,38,0.026,0.132,0.237,0.211,0.132,747.5,0.158,Achiever
debb8033-cff6-44aa-ae4a-df031be8fda4,player_0447,43,0.163,0.023,0.07,0.442,0.047,736.6,0.233,Achiever
e51ee1d7-bb02-44a5-95ea-dcc5e0d6fcfb,player_0448,32,0.344,0.031,0.0,0.125,0.031,499.2,0.219,Killer
fd80b606-99a3-457d-8ce9-77421c1bea64,player_0449,62,0.048,0.339,0.048,0.097,0.0,1094.0,0.177,Explorer
6cf020cd-cf76-42da-b8f5-1716ec25b99a,player_0450,46,0.022,0.109,0.478,0.152,0.022,1169.5,0.109,Socializer
a064dcdc-9074-41ff-b770-e6dfb8db4209,player_0451,41,0.049,0.049,0.293,0.268,0.024,747.4,0.268,Achiever
9bb6c629-f89d-4625-8232-b28c6d6e76dd,player_0452,30,0.4,0.033,0.067,0.033,0.0,523.3,0.267,Killer
f8aeb3b8-6bf5-428e-8dd2-51b1865b995b,player_0453,50,0.34,0.02,0.04,0.02,0.16,508.0,0.2,Killer
1dbff1cc-6c9f-48e4-94e1-33347e9fc237,player_0454,59,0.203,0.068,0.322,0.068,0.051,1199.7,0.119,Socializer
8207d6c5-4899-48c7-b548-2cd50b13c4f9,player_0455,52,0.462,0.096,0.0,0.019,0.135,500.6,0.135,Killer
6e96c366-370e-4fa8-a028-c96488a1a76b,player_0456,58,0.397,0.052,0.034,0.0,0.034,510.7,0.172,Killer
a5e6ef93-4ba8-4883-aaa2-8cee8bb0ed1e,player_0457,21,0.048,0.095,0.143,0.238,0.095,735.2,0.286,Achiever
c262c455-afe5-4315-a244-7e803c41a275,player_0458,47,0.064,0.468,0.085,0.043,0.021,1027.2,0.17,Explorer
953efcc0-156a-46ec-b782-7127e68a319e,player_0459,73,0.027,0.123,0.356,0.164,0.0,1159.3,0.151,Socializer
dd4b670b-7596-4c59-9a8b-0a14f4cb581a,player_0460,36,0.167,0.028,0.056,0.444,0.028,741.0,0.194,Achiever
e47fd182-986e-4c0a-b09e-2fb36b475b39,player_0461,68,0.309,0.103,0.029,0.147,0.015,476.6,0.206,Killer
51afe4be-f55b-4884-a05f-0de3d6316c5b,player_0462,64,0.5,0.078,0.0,0.031,0.094,513.1,0.172,Killer
35a629cb-c05c-4293-9cfb-edc92b3fc603,player_0463,41,0.073,0.049,0.171,0.098,0.122,729.9,0.073,Achiever
62496adf-db17-407f-bb12-d91228d0f3c8,player_0464,69,0.014,0.101,0.478,0.058,0.0,1169.7,0.101,Socializer
1041a760-106a-4f9a-8543-21e468ef0dd4,player_0465,62,0.274,0.032,0.065,0.113,0.145,725.2,0.226,Achiever
bf8f4802-d811-4a20-9974-4c5147b50c0c,player_0466,57,0.018,0.07,0.544,0.105,0.0,1115.7,0.211,Socializer
e0ddb85e-6e79-446b-bc50-f6e84583b434,player_0467,79,0.089,0.063,0.278,0.304,0.051,1179.3,0.165,Socializer
2155a04b-b161-4efa-936b-36d1d492060e,player_0468,39,0.333,0.077,0.128,0.051,0.026,520.7,0.179,Killer
2ad896ad-e883-437d-8b27-8a25a3b09fb6,player_0469,50,0.3,0.08,0.04,0.0,0.18,510.2,0.18,Killer
da4bd46d-629a-4f18-a632-e4e642c2d731,player_0470,72,0.014,0.292,0.319,0.028,0.0,1097.6,0.083,Explorer
c1186e18-8a9b-4db9-a19c-8674810130a8,player_0471,30,0.0,0.267,0.067,0.033,0.0,1057.5,0.167,Explorer
59f8a8e3-187c-4bed-8fb5-52f367e1b7aa,player_0472,63,0.032,0.286,0.079,0.143,0.063,738.7,0.079,Achiever
92920f73-9948-40e4-ba89-02a5574435ed,player_0473,46,0.5,0.065,0.065,0.0,0.065,481.2,0.152,Killer
e7d30fad-c25f-4cea-8ae0-b1f2f49d4847,player_0474,77,0.013,0.052,0.584,0.195,0.013,1168.6,0.156,Socializer
ac8119dc-2865-4ce2-b3ce-6404b5ceecbd,player_0475,49,0.204,0.061,0.204,0.204,0.061,773.4,0.245,Achiever
956746a9-5422-448c-99c2-3de2596dbdaf,player_0476,35,0.029,0.286,0.114,0.0,0.0,1020.7,0.143,Explorer
a833ea1a-1933-4cf0-b2bd-52e6840a0709,player_0477,79,0.025,0.152,0.38,0.063,0.0,1206.2,0.089,Socializer
f6f8e108-7eb4-463a-a7fd-ee4ce9983912,player_0478,50,0.06,0.0,0.42,0.04,0.08,730.5,0.16,Achiever
b6806576-ec0a-4958-8849-48bdaa6067d5,player_0479,63,0.016,0.095,0.54,0.127,0.0,1115.8,0.159,Socializer
00151d1e-c419-4fc1-a92f-c9dc729473e3,player_0480,64,0.109,0.141,0.312,0.188,0.078,750.8,0.094,Achiever
51fe5938-0450-48b8-a719-9f1d1b418103,player_0481,76,0.013,0.079,0.513,0.079,0.026,1128.6,0.132,Socializer
590152a9-410e-4c00-bebb-8bafa0fd1eb8,player_0482,78,0.09,0.051,0.346,0.09,0.051,1144.7,0.154,Socializer
621c0d86-eadf-441c-8d9e-22b2e2562a41,player_0483,58,0.052,0.224,0.155,0.069,0.0,1005.0,0.207,Explorer
47a792fd-9690-4a6e-b17a-bef48fc11b04,player_0484,45,0.067,0.022,0.6,0.044,0.022,1122.1,0.133,Socializer
720f52ac-1caa-4a75-b2da-b52b88c38840,player_0485,30,0.433,0.233,0.033,0.1,0.033,489.8,0.233,Killer
ae05ce88-cd6a-4c97-9467-f4576181dd92,player_0486,65,0.062,0.231,0.092,0.077,0.0,1089.3,0.215,Explorer
e6a5a047-62fb-4a13-9edf-658b3a952da9,player_0487,23,0.0,0.043,0.304,0.087,0.087,1132.7,0.13,Explorer
e77bcf27-c35f-4b74-934b-ced413494711,player_0488,31,0.129,0.129,0.355,0.097,0.065,1128.7,0.161,Socializer
a7db6c01-aa61-4454-ab35-e15685b77e55,player_0489,27,0.407,0.037,0.296,0.0,0.074,496.1,0.148,Killer
b7cbac19-f266-47c9-99f6-6400be88121c,player_0490,27,0.037,0.222,0.148,0.074,0.037,1145.5,0.111,Explorer
da2f1514-496b-4d80-a839-b49620f56681,player_0491,20,0.15,0.0,0.35,0.2,0.2,744.8,0.1,Achiever
5e92e76d-b773-4208-bc8d-13811ef4e331,player_0492,29,0.0,0.345,0.138,0.0,0.0,1107.9,0.241,Explorer
d25f1621-187b-48a5-be63-2f3f5468a6c9,player_0493,57,0.07,0.456,0.035,0.105,0.0,1099.8,0.123,Explorer
e2aff1e5-caa7-4132-bf35-fcebf22980ba,player_0494,39,0.513,0.051,0.026,0.051,0.026,510.5,0.128,Killer
05b360cd-6fa5-490d-ac8b-492822ab4e4e,player_0495,34,0.029,0.029,0.353,0.265,0.029,1169.0,0.147,Socializer
075d9023-f3c9-4545-9d02-bab1f16fd290,player_0496,61,0.016,0.115,0.328,0.164,0.0,1149.3,0.18,Explorer
42d973e7-7716-4935-87b8-f0e55c09265d,player_0497,69,0.174,0.058,0.174,0.232,0.043,711.3,0.246,Achiever
575080f0-57da-49a4-a215-b763114a9afe,player_0498,23,0.087,0.087,0.043,0.391,0.13,710.5,0.174,Achiever
a94868d5-bc12-459c-99dc-0dc7718d6c8b,player_0499,50,0.26,0.02,0.02,0.16,0.1,707.4,0.08,Achiever
5962ebbc-fbb3-4a4c-a64d-d4484d9a636c,player_0500,26,0.462,0.038,0.077,0.0,0.0,523.3,0.231,Killer
d8cfa6b3-0449-4be2-b584-d36675d0eaff,player_0501,56,0.375,0.089,0.036,0.0,0.054,520.9,0.196,Killer
a7736114-d8ca-461d-935d-40c2957e7e57,player_0502,26,0.077,0.038,0.154,0.192,0.038,748.9,0.154,Achiever
cd3a186b-49a8-4a36-a5ad-f264d4f78511,player_0503,27,0.63,0.0,0.0,0.0,0.185,474.9,0.111,Killer
565be6be-2428-4ee8-9bb1-18c8819ccd59,player_0504,70,0.486,0.014,0.014,0.0,0.129,500.7,0.171,Killer
4d522bf0-12c4-4f24-b387-df45883732c0,player_0505,75,0.053,0.213,0.107,0.2,0.027,1084.4,0.16,Explorer
b0c814a1-c926-4225-b033-e190b0d81a01,player_0506,37,0.351,0.108,0.027,0.027,0.054,473.9,0.216,Killer
25f3b9b0-142b-4157-88d7-31a5a3201265,player_0507,39,0.051,0.077,0.487,0.128,0.026,1108.0,0.256,Socializer
88beb3a2-7c83-4dd2-bb1f-2eba57602a5f,player_0508,23,0.261,0.0,0.0,0.087,0.13,535.0,0.087,Killer
bae47bef-2cc9-41ff-985f-931ef01181dd,player_0509,54,0.037,0.241,0.13,0.13,0.0,1048.0,0.111,Explorer
c01f5bd0-5b17-4e4a-9149-af37cb192ccf,player_0510,79,0.443,0.114,0.051,0.0,0.127,505.3,0.241,Killer
2eb23659-c135-48e9-8092-fad627bb0d60,player_0511,35,0.0,0.229,0.371,0.086,0.0,1060.3,0.229,Socializer
41b865c5-d6b0-4de8-a4d5-af49724344bd,player_0512,78,0.038,0.026,0.051,0.397,0.103,739.0,0.141,Achiever
5ee9bfec-6ccd-4a6f-a854-ee999d76b732,player_0513,30,0.067,0.2,0.267,0.067,0.0,1109.8,0.267,Explorer
009045f3-e542-4659-9009-be749a445634,player_0514,42,0.024,0.262,0.095,0.024,0.0,1061.3,0.286,Explorer
f41c91d2-bb6d-42e8-bdcb-f7bb21e54f98,player_0515,58,0.052,0.207,0.276,0.172,0.0,1160.6,0.207,Socializer
5d7685f8-d32b-41ba-8d81-53aa2d6494f4,player_0516,44,0.386,0.023,0.023,0.068,0.091,488.7,0.227,Killer
5941c279-5a38-4e4f-b393-de354176bf83,player_0517,58,0.431,0.052,0.052,0.19,0.138,477.8,0.138,Killer
80f4d459-6dfd-442d-87fe-91fcc4d77948,player_0518,60,0.083,0.2,0.117,0.117,0.017,1114.3,0.2,Explorer
1836c486-7596-4eee-a95b-56e664f0ac42,player_0519,53,0.038,0.377,0.17,0.019,0.0,1074.6,0.189,Explorer
6b10cfbc-8ee6-41bf-801f-fc3315ecb454,player_0520,24,0.042,0.083,0.292,0.083,0.0,1215.2,0.083,Explorer
99177ebd-1bba-44b4-8c49-d31c5dc778dd,player_0521,45,0.022,0.0,0.044,0.467,0.067,720.3,0.156,Achiever
be2728cf-4e5c-4411-977d-e2ea061ab781,player_0522,47,0.213,0.064,0.447,0.021,0.021,1145.5,0.128,Socializer
9e80daa1-d5e1-4bda-97b0-031f2b248d99,player_0523,22,0.045,0.318,0.136,0.045,0.0,1072.1,0.227,Explorer
26886565-e2d6-4394-a01e-d1a9b4f3acbb,player_0524,74,0.027,0.095,0.581,0.081,0.0,1122.8,0.135,Socializer
7dce916d-7e62-429f-8876-f4a4551a18de,player_0525,67,0.0,0.552,0.075,0.03,0.0,1041.7,0.149,Explorer
bebb4277-53fa-42b6-aeb4-e1bfaf2d4816,player_0526,42,0.405,0.024,0.19,0.119,0.071,1182.6,0.095,Socializer
bfd16a5a-539a-42cb-820d-f98771f0c1ac,player_0527,20,0.0,0.4,0.1,0.1,0.0,978.2,0.15,Explorer
1f3a3918-022a-4db7-a033-a6e78685b1fe,player_0528,42,0.119,0.19,0.024,0.119,0.024,1050.4,0.214,Explorer
9abe6aad-665b-4d6f-8075-e9c581e1e86f,player_0529,62,0.032,0.516,0.129,0.065,0.0,1064.9,0.258,Explorer
de5b4f24-4c28-4bd8-87a3-89b0dc08c6a7,player_0530,50,0.0,0.12,0.32,0.18,0.0,1069.0,0.1,Socializer
6023f9ad-fc7f-464a-9cda-d7eb7dea3d57,player_0531,67,0.179,0.06,0.03,0.03,0.179,522.3,0.269,Killer
1bee72f7-acae-4d40-acee-159522a317e6,player_0532,26,0.077,0.0,0.0,0.269,0.038,798.8,0.192,Achiever
4512f2cd-9dc4-4a84-8246-a07ae58c7842,player_0533,33,0.0,0.182,0.152,0.182,0.03,1038.4,0.121,Explorer
84381ada-bc68-456a-9d8a-ca85ff4954cc,player_0534,52,0.404,0.0,0.038,0.019,0.135,509.5,0.154,Killer
b9ff6d84-d0cb-40a8-80a7-fb49a386944c,player_0535,71,0.07,0.056,0.113,0.38,0.155,742.6,0.155,Achiever
217fe8b9-4624-484d-89db-243a96e04d53,player_0536,50,0.02,0.04,0.54,0.08,0.02,1091.9,0.14,Socializer
26d30db3-d5ac-426f-b6f1-70a256517850,player_0537,30,0.3,0.1,0.0,0.067,0.033,500.0,0.2,Killer
62ab83cd-7339-4779-9dac-bbc1be7df32d,player_0538,54,0.426,0.056,0.037,0.0,0.0,495.3,0.204,Killer
3e6d9373-eb99-4eec-8757-3c6c7c19b4dc,player_0539,58,0.017,0.052,0.569,0.155,0.034,1177.2,0.138,Socializer
094df5bf-9293-4f91-b802-5fd6b84b9f5f,player_0540,45,0.067,0.222,0.089,0.111,0.022,1114.9,0.156,Explorer
7983e7d5-baed-4325-8fec-85fb8b73673d,player_0541,40,0.025,0.075,0.6,0.05,0.0,1148.0,0.2,Socializer
0154dc0b-7d5c-46e9-8f28-5ce15da2862c,player_0542,57,0.579,0.035,0.018,0.035,0.035,492.3,0.175,Killer
03874517-cfc1-4ec1-bbc9-d1421e9de92a,player_0543,43,0.023,0.279,0.349,0.047,0.0,1124.2,0.07,Socializer
42301af2-7629-47d1-90e6-8e5e193e04bb,player_0544,55,0.055,0.236,0.236,0.055,0.036,1038.3,0.164,Explorer
4a82906d-3b34-42a9-bcc5-5697630b7f7f,player_0545,59,0.051,0.153,0.525,0.119,0.017,1131.5,0.085,Socializer
b149a349-11d9-4a9b-80c1-7f174e362a9d,player_0546,37,0.027,0.27,0.189,0.081,0.0,1063.0,0.135,Explorer
bd5485ff-aca9-406e-8d6b-76d7c13ce0ed,player_0547,42,0.476,0.095,0.024,0.0,0.048,503.5,0.238,Killer
e46cd18e-773b-4adb-ab72-408b4e3becb5,player_0548,51,0.098,0.216,0.059,0.137,0.039,1118.3,0.118,Explorer
5bfceaa9-5468-44b8-b93d-a82441c6c6d1,player_0549,49,0.122,0.143,0.122,0.061,0.061,1085.0,0.061,Explorer
62575710-0d06-4b42-87d3-aa3b2cca8675,player_0550,23,0.0,0.174,0.478,0.13,0.0,1070.3,0.13,Explorer
8ecd14d6-7609-4e1b-b87c-51751fd9bfd7,player_0551,34,0.029,0.088,0.588,0.118,0.0,1096.7,0.176,Socializer
e5da211c-5c9e-4a09-847f-5efceda36157,player_0552,38,0.184,0.0,0.5,0.158,0.0,1141.7,0.158,Socializer
6eccdb5e-e2b4-4707-8822-374ab966d528,player_0553,40,0.6,0.05,0.025,0.025,0.125,487.1,0.15,Killer
31969961-2bb9-46ec-9e28-548b03c60070,player_0554,66,0.288,0.015,0.045,0.0,0.061,513.5,0.167,Killer
2e38080f-6a3f-4430-9adc-849734f5dda3,player_0555,75,0.093,0.32,0.227,0.04,0.0,1097.2,0.227,Explorer
921070be-239f-4ff1-9cfa-b9f6b590988f,player_0556,35,0.029,0.057,0.429,0.029,0.0,1226.8,0.143,Socializer
91f9918a-0be4-4195-88cc-6f0fd18fb118,player_0557,58,0.086,0.172,0.052,0.207,0.017,749.8,0.19,Achiever
ac58b2b0-60e8-4085-bc37-b4acd644b015,player_0558,39,0.436,0.0,0.026,0.0,0.077,531.7,0.128,Killer
598d53d2-347c-4713-98ab-a2471908d054,player_0559,57,0.509,0.035,0.018,0.0,0.053,541.4,0.316,Killer
0fa1669a-339d-43cd-975c-ea9862ef4ef2,player_0560,56,0.143,0.0,0.036,0.357,0.089,747.0,0.179,Achiever
703cc762-17e5-4f36-8371-243b3b649481,player_0561,78,0.026,0.179,0.487,0.077,0.013,1101.2,0.167,Socializer
9cb222fa-2fc7-419c-94ef-9009f4d70dbf,player_0562,43,0.488,0.0,0.0,0.0,0.07,501.6,0.233,Killer
abe6c9e7-9e91-4dea-b82e-c19b829957df,player_0563,63,0.016,0.317,0.19,0.016,0.0,1018.8,0.095,Explorer
9b1a58d9-8fb3-4fff-9154-fa9d7bf3c374,player_0564,70,0.229,0.029,0.243,0.229,0.071,1152.4,0.157,Socializer
22b17176-2f5b-4242-9799-eb79ba9cfcdb,player_0565,42,0.095,0.405,0.071,0.048,0.0,1026.3,0.214,Explorer
457cb795-99bd-40af-95fe-ded18ad3681e,player_0566,36,0.333,0.0,0.028,0.139,0.306,441.2,0.056,Killer
a5e53a19-0ca5-4a09-b583-41e5c74568a4,player_0567,65,0.015,0.046,0.508,0.092,0.0,1127.0,0.154,Socializer
138a5588-2a1b-46c4-8376-992290170668,player_0568,80,0.025,0.1,0.562,0.087,0.013,1137.8,0.163,Socializer
ad771a6f-f2bd-4ba3-87ac-49ca52e0e8c0,player_0569,35,0.0,0.514,0.114,0.057,0.0,964.2,0.171,Explorer
1312b08b-ad5b-4dd4-9df5-cc55f6a4661e,player_0570,45,0.044,0.133,0.133,0.111,0.133,770.0,0.089,Achiever
4590cb2e-f4fb-467f-9706-b9a72d0fb5bd,player_0571,66,0.106,0.167,0.182,0.061,0.0,1072.3,0.182,Explorer
772f6a6d-3a4e-4813-98fd-82e22c122ce4,player_0572,74,0.041,0.351,0.135,0.081,0.0,1063.5,0.108,Explorer
6dbba3c7-315e-45d8-8bb4-019affe15aa8,player_0573,39,0.487,0.026,0.0,0.0,0.103,492.2,0.154,Killer
e15e7b59-0db0-468a-9336-75796979ba8b,player_0574,37,0.432,0.108,0.0,0.0,0.081,476.8,0.216,Killer
85836501-dd1d-4547-acbf-d309bd691e1e,player_0575,79,0.013,0.354,0.063,0.114,0.038,1094.4,0.152,Explorer
41b28b66-6206-499c-9b13-4f2fed3fff55,player_0576,44,0.432,0.045,0.0,0.045,0.159,505.1,0.205,Killer
e807a56b-fd08-4582-b56c-7d56e64dd21d,player_0577,31,0.387,0.0,0.032,0.129,0.129,480.1,0.161,Killer
a2fa9a17-dcaf-4b9b-9ca9-75d36b0c2374,player_0578,69,0.014,0.116,0.507,0.159,0.0,1180.2,0.101,Socializer
669e6404-17b1-4582-9e8c-4468d98d0336,player_0579,54,0.593,0.056,0.019,0.0,0.019,522.1,0.148,Killer
ccd80eb1-09f5-467c-bf3a-5caf8f9263ae,player_0580,31,0.065,0.0,0.065,0.194,0.258,738.4,0.194,Achiever
1de2ed80-fe5b-4569-a304-f2c99476d377,player_0581,26,0.308,0.269,0.0,0.0,0.077,523.6,0.231,Killer
d790d4ad-5951-4276-bf77-20653a1f3a9c,player_0582,64,0.594,0.047,0.016,0.016,0.016,485.0,0.156,Killer
544aacd7-769b-4d7b-bcac-1859a918fed8,player_0583,24,0.042,0.0,0.75,0.042,0.0,1100.5,0.125,Socializer
00db0df6-b0c3-4441-93f2-f96291ccc762,player_0584,50,0.08,0.18,0.24,0.14,0.0,1045.4,0.24,Explorer
3f861fbd-14f9-4bb3-8495-cf6adc3bc87b,player_0585,75,0.107,0.013,0.093,0.373,0.107,744.9,0.12,Achiever
5083d206-3f8f-4baa-9ffd-8b9e97010630,player_0586,58,0.362,0.017,0.155,0.069,0.086,512.8,0.138,Killer
ff45758e-2dd5-4811-a632-5d9352f70de7,player_0587,75,0.013,0.44,0.12,0.08,0.013,1066.5,0.107,Explorer
efaff8eb-f8be-4df3-9a77-dc7c17f3cbfb,player_0588,24,0.292,0.0,0.0,0.0,0.208,515.5,0.083,Killer
ebe77a60-fd4f-46bf-b5fd-3d5af5a1bbc7,player_0589,64,0.047,0.266,0.094,0.094,0.062,1010.2,0.234,Explorer
2165ab2e-9a1d-47f7-957f-73d3167c3da1,player_0590,80,0.075,0.062,0.25,0.2,0.037,1126.2,0.175,Socializer
e9763111-5d3f-4bb9-8fc7-f36fb8951f50,player_0591,46,0.043,0.413,0.087,0.109,0.022,1127.4,0.152,Explorer
560bc06a-4270-40f7-b110-45d1e1cd6eae,player_0592,78,0.038,0.103,0.577,0.128,0.038,1141.3,0.064,Socializer
c8864acd-afe2-41b0-847a-ca2f444cc7c6,player_0593,78,0.167,0.013,0.269,0.09,0.051,1106.9,0.167,Socializer
94c72c78-c671-43da-b3e5-531753b230b0,player_0594,47,0.234,0.043,0.0,0.277,0.128,757.8,0.106,Achiever
235035a9-bf72-410e-9e18-c69271b41153,player_0595,22,0.0,0.182,0.318,0.091,0.0,1050.4,0.227,Socializer
09e4de80-7e9d-49bc-ab4f-107f58b20613,player_0596,65,0.046,0.046,0.569,0.108,0.0,1102.3,0.138,Socializer
400e24a9-0ee3-444c-96d7-9e7036eedc40,player_0597,51,0.0,0.098,0.431,0.176,0.0,1134.3,0.118,Socializer
22cb7b5b-6449-4d38-b8a8-d47d08264413,player_0598,46,0.043,0.478,0.087,0.13,0.0,1079.5,0.239,Explorer
9914fc01-f5ae-49ee-a319-d8979d8aaf3f,player_0599,38,0.0,0.079,0.605,0.105,0.026,1087.4,0.158,Socializer
c766475f-5ac6-4e7d-964a-f76d8ba39294,player_0600,54,0.37,0.074,0.019,0.0,0.093,479.0,0.185,Killer
db0739dc-695d-44dd-83ea-ea92c59064d9,player_0601,31,0.032,0.032,0.419,0.226,0.032,1094.0,0.161,Socializer
8b1c360e-b539-4c24-b50a-87dabad5967d,player_0602,39,0.436,0.077,0.0,0.026,0.103,530.5,0.179,Killer
8f137125-b0fd-43d0-aefb-8856088e2c9e,player_0603,45,0.378,0.067,0.022,0.0,0.089,505.2,0.222,Killer
d063c855-882f-4211-8556-b81e137b1877,player_0604,56,0.286,0.054,0.018,0.018,0.143,514.7,0.143,Killer
048bc3b8-d664-43f5-b255-480772191f57,player_0605,41,0.049,0.049,0.049,0.488,0.171,728.5,0.122,Achiever
3b6f9ad4-3341-42d3-bf59-0002b6f06b18,player_0606,72,0.056,0.111,0.444,0.097,0.056,1156.7,0.111,Socializer
004bc7bc-0b9a-49e5-ad40-b825a8e861a4,player_0607,55,0.327,0.0,0.036,0.0,0.055,478.3,0.145,Killer
6ff47595-f80a-48b0-bd5b-676995efa204,player_0608,30,0.067,0.233,0.1,0.167,0.0,1079.3,0.067,Explorer
38bf0101-a9e5-4fab-ab60-c3f81c2b57d6,player_0609,20,0.05,0.1,0.5,0.05,0.0,1168.7,0.2,Socializer
052d00bf-74e2-41fe-93f4-c46e615deb12,player_0610,40,0.6,0.025,0.0,0.0,0.025,515.7,0.25,Killer
189dafa1-7661-4c5c-8ee8-6f5f0b6e264d,player_0611,66,0.045,0.212,0.121,0.061,0.0,1089.5,0.091,Explorer
8e64309f-483e-4eaf-842f-a95c63ed1067,player_0612,38,0.684,0.0,0.0,0.0,0.026,510.9,0.289,Killer
853187ae-bc9b-4ac3-b605-06c71c46967e,player_0613,76,0.053,0.118,0.039,0.211,0.092,770.3,0.171,Achiever
5a083120-97d0-49c0-b029-d0bb0cd7f353,player_0614,62,0.081,0.048,0.274,0.274,0.032,740.5,0.145,Achiever
8aff1c3e-8bc8-4977-816d-8b8f5f0f8cf8,player_0615,60,0.017,0.083,0.417,0.167,0.05,721.3,0.133,Achiever
46468f50-ebe3-4483-bb16-b86364471137,player_0616,79,0.0,0.152,0.481,0.114,0.025,1105.2,0.203,Socializer
752bb5c9-d044-4656-a740-a213e0bc9276,player_0617,31,0.0,0.032,0.484,0.258,0.0,1197.4,0.161,Socializer
683d1e5a-32f4-49b4-8ad3-1cae2bbfce05,player_0618,22,0.045,0.045,0.455,0.136,0.091,1116.6,0.227,Socializer
b55f87bc-47d5-40c3-b15e-2144d4aa3642,player_0619,24,0.167,0.083,0.083,0.125,0.125,1225.5,0.125,Explorer
de57430f-06d3-4ed0-860a-5bce923ccb10,player_0620,80,0.013,0.037,0.512,0.163,0.0,1100.3,0.2,Socializer
ecdf69cf-72e0-4ad0-847a-b3ee65966f4c,player_0621,42,0.214,0.0,0.357,0.0,0.119,521.9,0.143,Killer
f1731e12-e3b2-4c0f-a86b-0cb578714156,player_0622,64,0.094,0.266,0.125,0.062,0.125,785.2,0.125,Achiever
026ef251-4096-41d3-9577-e7ee9e471b17,player_0623,57,0.123,0.105,0.088,0.298,0.018,750.9,0.053,Achiever
19d0a8f4-5a2c-45ef-ba1b-0f48826f9e79,player_0624,59,0.017,0.373,0.119,0.051,0.0,1036.0,0.254,Explorer
16f47fc2-2aab-4737-9d55-2a9b7b9f5cf6,player_0625,41,0.0,0.244,0.049,0.049,0.049,1099.5,0.195,Explorer
cfde48e4-b79b-4582-bf89-4c5ce1029f0b,player_0626,34,0.059,0.059,0.059,0.382,0.029,724.8,0.235,Achiever
1d9c81f2-e29f-4b6b-b8fc-5a29ce40ace7,player_0627,43,0.209,0.302,0.023,0.047,0.023,1116.1,0.209,Explorer
1829d169-8ec0-423a-9f22-d70055a7ca2b,player_0628,31,0.0,0.161,0.29,0.032,0.032,1053.9,0.194,Explorer
1774cacb-582b-4755-b1f8-f66a0a48b429,player_0629,46,0.478,0.043,0.022,0.065,0.065,508.0,0.217,Killer
89a016b7-1c8b-42c5-8883-6e211bd8e0b5,player_0630,65,0.031,0.4,0.138,0.092,0.0,1106.0,0.185,Explorer
7c34a964-6fc3-4f9c-9f72-067d855f7ced,player_0631,25,0.12,0.0,0.64,0.08,0.0,1179.2,0.0,Socializer
cda1243f-e3fd-4480-a7ae-bb6ef5515026,player_0632,64,0.156,0.078,0.062,0.172,0.078,745.7,0.125,Achiever
b6e1bb94-1dfe-4d92-bc3f-7568f8468086,player_0633,61,0.066,0.049,0.164,0.262,0.066,706.9,0.18,Achiever
e9e9aa39-d2ca-49a6-a26a-d7b449d98ea1,player_0634,40,0.025,0.025,0.5,0.1,0.0,1057.9,0.225,Socializer
f714179d-ef05-4295-9547-a6c4fe411623,player_0635,77,0.013,0.338,0.104,0.091,0.013,1091.1,0.143,Explorer
42bb562c-4753-4f44-a41e-0992ebdfc691,player_0636,49,0.163,0.163,0.041,0.061,0.02,762.7,0.143,Achiever
80abc395-55ef-47fe-b3c3-176efd625b8f,player_0637,46,0.022,0.13,0.457,0.152,0.0,1189.8,0.217,Socializer
1711cc30-5512-416c-a899-3c4c94bd5955,player_0638,69,0.014,0.333,0.217,0.072,0.0,1085.6,0.217,Explorer
e15b7ee3-7367-4a13-ad75-da97a4b8a511,player_0639,68,0.103,0.044,0.309,0.029,0.029,1153.4,0.206,Socializer
5c095317-36d4-40b0-bdf6-67d25d021345,player_0640,39,0.205,0.0,0.051,0.179,0.077,751.8,0.256,Achiever
038d3e88-25df-43fe-97c1-9568bf1a2a89,player_0641,43,0.047,0.302,0.047,0.023,0.023,1087.5,0.186,Explorer
8f11a599-e302-45af-84b4-b6419552c76a,player_0642,38,0.079,0.079,0.421,0.105,0.026,742.2,0.184,Achiever
b4423cf6-4814-4961-9639-59c1b25c9af1,player_0643,20,0.05,0.1,0.0,0.35,0.25,790.0,0.15,Achiever
7a2cbdc6-c0f6-4ae7-83f0-c2b06f42dee1,player_0644,53,0.038,0.264,0.434,0.057,0.0,1127.4,0.189,Socializer
7a52d23c-3a01-4839-bde6-94f801d27fd2,player_0645,78,0.244,0.09,0.013,0.038,0.128,505.1,0.218,Killer
4aa107d1-924b-4a8a-840a-452ae429ca41,player_0646,79,0.215,0.063,0.38,0.025,0.076,1116.5,0.139,Socializer
b9d8deda-2a78-4b24-979d-e7b2ae6addca,player_0647,50,0.08,0.14,0.26,0.3,0.06,735.9,0.1,Achiever
af7f2239-96da-4309-a3cc-def35226fedb,player_0648,31,0.129,0.097,0.129,0.161,0.065,699.9,0.097,Achiever
9a9cbf8f-26a4-4165-b291-f80f75a71deb,player_0649,20,0.0,0.1,0.55,0.05,0.0,1117.2,0.25,Socializer
e183be89-952f-4e86-83bc-d98434283887,player_0650,47,0.128,0.043,0.0,0.34,0.149,755.1,0.191,Achiever
e5e4fff9-ae67-46c3-a417-28774a1f2dc9,player_0651,20,0.05,0.0,0.5,0.25,0.0,1108.5,0.3,Socializer
2228e03d-d07a-4d75-af44-2a3cf7bfc8bb,player_0652,64,0.094,0.062,0.047,0.219,0.078,744.0,0.125,Achiever
28ccd061-dd31-4bc8-bf84-23dd9610a1a1,player_0653,56,0.143,0.071,0.0,0.107,0.089,738.4,0.107,Achiever
4737e928-ad9b-435f-a8e0-1af8a49bebf4,player_0654,25,0.0,0.2,0.44,0.08,0.0,1192.7,0.04,Socializer
0f313cb9-e48d-4c91-a813-b7e128802936,player_0655,65,0.246,0.231,0.031,0.015,0.138,482.3,0.062,Killer
83a20aa1-49a5-4672-8d66-7505dcd3e45b,player_0656,47,0.085,0.34,0.085,0.021,0.0,1069.6,0.277,Explorer
765fd333-52e9-4d44-856c-a9dd21eecb05,player_0657,26,0.077,0.038,0.154,0.192,0.192,740.6,0.115,Achiever
e54c86b6-eb58-40c1-ace1-eac01b383821,player_0658,39,0.179,0.051,0.538,0.051,0.026,1189.3,0.179,Socializer
9f951292-e3aa-4045-8392-b0c7ac909731,player_0659,35,0.029,0.229,0.057,0.2,0.029,1095.5,0.143,Explorer
ec51a3fd-3901-471a-8084-c60cb706946a,player_0660,64,0.062,0.188,0.078,0.219,0.062,767.1,0.141,Achiever
78eedf03-e638-4c5a-a6a9-3ec02bd12fee,player_0661,72,0.014,0.097,0.444,0.111,0.028,1173.5,0.125,Socializer
88db3352-34af-4c5c-a819-8afa18303828,player_0662,45,0.133,0.044,0.022,0.311,0.022,735.8,0.111,Achiever
6e5b2ea1-c016-460d-8e4c-d7f1919e7116,player_0663,44,0.045,0.295,0.068,0.045,0.023,1062.1,0.205,Explorer
cfbeb70e-99a8-4668-ae39-cf074e938102,player_0664,42,0.119,0.048,0.095,0.452,0.024,748.7,0.19,Achiever
75b0f02e-60d1-4c34-9b37-f7ee28506f7d,player_0665,38,0.053,0.237,0.237,0.105,0.0,1162.5,0.105,Socializer
98c62271-0e48-4f42-b231-5327a732e31f,player_0666,46,0.087,0.304,0.087,0.109,0.022,1082.0,0.109,Explorer
16fae9fa-cf68-47c0-aaa0-a92fd2e659da,player_0667,26,0.038,0.038,0.462,0.038,0.0,1183.6,0.077,Socializer
10c5eced-7e9c-4f2e-b264-279dbdf582e3,player_0668,56,0.107,0.268,0.036,0.107,0.0,1110.2,0.179,Explorer
28170224-f028-4aa8-89ab-a9eecdc341ef,player_0669,21,0.0,0.0,0.048,0.571,0.048,689.0,0.286,Achiever
2453efb5-7cd0-408b-bfd9-c30f1269f57d,player_0670,59,0.017,0.322,0.169,0.017,0.0,1042.6,0.102,Explorer
a7b26822-7752-4498-9f57-e8e3e66c06bf,player_0671,44,0.318,0.045,0.455,0.091,0.0,1104.8,0.205,Socializer
4817f133-d8ba-4db9-8b39-82a8527e5a71,player_0672,76,0.145,0.079,0.053,0.303,0.066,731.4,0.197,Achiever
2e07b315-0d0c-4d09-b227-d0d151e17e71,player_0673,71,0.155,0.141,0.127,0.183,0.028,728.7,0.211,Achiever
38533719-ce0f-4e7a-aa74-87981b679bbd,player_0674,69,0.072,0.058,0.072,0.406,0.072,697.5,0.174,Achiever
cc423b28-73b4-40f5-95ab-bc45e7194874,player_0675,70,0.243,0.029,0.314,0.1,0.029,1124.3,0.143,Socializer
9f0e5d3c-3ada-4a4e-b467-b5d7953b659a,player_0676,35,0.029,0.086,0.286,0.257,0.057,1116.7,0.257,Socializer
0bbb88c5-ae58-463a-9d4f-17fc417c1cbc,player_0677,20,0.15,0.3,0.0,0.0,0.0,1117.5,0.3,Explorer
70462126-a6af-49d2-a1e1-ffc03a2e4670,player_0678,44,0.068,0.068,0.023,0.523,0.068,790.4,0.182,Achiever
fb2f82be-c81e-4fed-8275-251c260b3064,player_0679,47,0.043,0.149,0.489,0.064,0.0,1139.7,0.213,Socializer
54b37938-c66d-4571-b1d1-5a30bf0ccd82,player_0680,66,0.152,0.091,0.045,0.303,0.015,769.6,0.212,Achiever
a1ce22aa-7c2a-4a4c-863f-bf2a9e1910b2,player_0681,55,0.036,0.055,0.582,0.036,0.036,1176.3,0.182,Socializer
57b115ec-9d48-4f2c-8ea3-d91891ba9b4e,player_0682,58,0.0,0.034,0.672,0.069,0.0,1152.9,0.086,Socializer
a693252d-1b94-4e87-8abb-a667ded940e3,player_0683,61,0.262,0.098,0.016,0.0,0.066,510.8,0.246,Killer
fa4176b0-e29c-43fe-9b51-b63bb775dd76,player_0684,49,0.061,0.02,0.143,0.184,0.122,760.3,0.082,Achiever
77b3bd3e-fe72-4348-ac30-2a7b05967f3d,player_0685,36,0.111,0.028,0.417,0.194,0.028,1141.7,0.222,Socializer
a678b6c2-d3b4-4786-b481-873411965090,player_0686,28,0.179,0.071,0.071,0.214,0.071,753.1,0.214,Achiever
367ea7d4-dea5-477a-99de-943f4104625d,player_0687,75,0.36,0.107,0.067,0.0,0.053,506.5,0.133,Killer
5391048b-db88-4fc3-8330-0cac081707d9,player_0688,52,0.038,0.077,0.308,0.096,0.058,1181.9,0.096,Socializer
7fe23e5b-706c-4bc1-99c6-16868b6e2326,player_0689,62,0.129,0.048,0.468,0.065,0.016,1147.7,0.21,Socializer
b6860edb-482b-438a-8e40-c5d407bc48f9,player_0690,77,0.104,0.052,0.039,0.286,0.143,724.5,0.13,Achiever
e52b220b-f0ae-4cbf-858e-6a6701cdc678,player_0691,33,0.03,0.061,0.667,0.03,0.0,1117.1,0.242,Socializer
03d65f4c-6d87-43ea-9102-23a25e645d9e,player_0692,31,0.355,0.0,0.065,0.129,0.161,487.0,0.258,Killer
da720607-0c7c-4f44-a29a-861d4377f088,player_0693,54,0.093,0.056,0.093,0.333,0.111,733.9,0.204,Achiever
19d66f71-1eba-4d84-9d65-d6a813467917,player_0694,66,0.121,0.03,0.061,0.394,0.091,769.2,0.121,Achiever
03c766c9-71ad-4a6b-a990-b84591b72f63,player_0695,46,0.0,0.022,0.13,0.435,0.087,755.8,0.109,Achiever
8d64ddf6-63f8-4016-bab5-26aefa9867bb,player_0696,75,0.12,0.027,0.093,0.24,0.093,768.6,0.173,Achiever
061630a8-4a5a-4a8f-8755-bf35e78c3527,player_0697,52,0.5,0.019,0.0,0.019,0.135,512.8,0.192,Killer
a7d7075b-ebc8-4039-90be-9bd4d62d7c79,player_0698,24,0.333,0.125,0.042,0.167,0.125,750.3,0.125,Achiever
dff6242f-7725-46b8-81c8-084ba451ef72,player_0699,65,0.031,0.062,0.277,0.138,0.062,809.7,0.108,Achiever
9cf3b8d4-49f4-4d3b-9629-a07061dfdf32,player_0700,74,0.0,0.514,0.027,0.081,0.0,1086.4,0.135,Explorer
49f59981-beff-4087-aeaa-7a9c1a4d6989,player_0701,55,0.055,0.436,0.055,0.055,0.018,1047.5,0.182,Explorer
154a2b5e-b1aa-469e-805b-7ace05a3de5f,player_0702,43,0.651,0.0,0.0,0.0,0.07,489.9,0.116,Killer
ea56d87a-15cc-4296-9679-e32fdf155836,player_0703,38,0.026,0.026,0.5,0.079,0.0,1148.4,0.105,Socializer
d8d42213-ebb8-4f78-b074-2c537a55bbf3,player_0704,38,0.105,0.053,0.342,0.132,0.053,1172.5,0.289,Socializer
1d527a63-84d6-4114-8649-ea6851849e1c,player_0705,79,0.038,0.013,0.025,0.316,0.089,769.4,0.203,Achiever
ea4e1082-3390-47d2-a155-7eadbd17b834,player_0706,72,0.069,0.097,0.375,0.208,0.042,1093.1,0.181,Socializer
bf75adda-d35d-4639-994c-03716f4d6b97,player_0707,49,0.02,0.306,0.306,0.184,0.0,1103.7,0.122,Explorer
9716a495-388b-40d7-bb24-cd7f305ca330,player_0708,28,0.107,0.0,0.0,0.536,0.143,741.8,0.143,Achiever
f37a5a80-af72-4042-b606-6455776c9668,player_0709,35,0.029,0.029,0.486,0.086,0.029,1160.9,0.314,Socializer
fc183d14-1879-40c0-b6df-e48d96a22543,player_0710,71,0.535,0.042,0.056,0.07,0.07,514.5,0.127,Killer
68a619d3-4e06-4b7b-8ba1-0428932fccaf,player_0711,62,0.097,0.097,0.113,0.258,0.177,735.7,0.097,Achiever
54ddfc7b-3d85-497a-bb1b-14c4914fa9f9,player_0712,69,0.145,0.014,0.043,0.29,0.101,741.1,0.116,Achiever
fb872935-6edf-494d-af91-f3ae3ce30d15,player_0713,50,0.1,0.06,0.06,0.2,0.1,721.0,0.26,Achiever
007f791f-aa68-4d36-8389-23181e4d7bc1,player_0714,35,0.229,0.0,0.2,0.286,0.029,780.8,0.086,Achiever
0dc2de47-f046-418e-961b-d1655302dcb6,player_0715,21,0.0,0.524,0.095,0.048,0.048,1055.7,0.095,Explorer
88f3be3c-fa39-4141-9c77-9c98dcbe4eae,player_0716,42,0.286,0.071,0.31,0.024,0.048,528.8,0.31,Killer
738d511f-a553-4c80-ae48-67c9d9eb50a6,player_0717,80,0.062,0.013,0.113,0.425,0.075,749.8,0.15,Achiever
5e4275ec-78d2-44cb-87dc-e7e988573b81,player_0718,27,0.0,0.296,0.185,0.074,0.0,1173.3,0.259,Explorer
f6b5c12b-8ec2-4910-8608-83b03ba3be44,player_0719,74,0.027,0.135,0.27,0.189,0.041,1109.9,0.189,Socializer
9f7a3425-1ffc-496c-82e8-fd03b97303a6,player_0720,35,0.429,0.057,0.086,0.0,0.029,523.2,0.229,Killer
bd05268a-2a56-4bee-a64e-78039fac6466,player_0721,72,0.222,0.097,0.208,0.069,0.028,1154.9,0.111,Socializer
7721d153-b043-4edd-ba49-e547d76c0d92,player_0722,29,0.172,0.0,0.207,0.241,0.0,758.1,0.241,Achiever
4b4a1ab9-b736-414f-8bd0-97a17ede690b,player_0723,54,0.222,0.0,0.056,0.241,0.074,745.0,0.13,Achiever
e9ac0aa8-3036-4893-81df-c34e780aef49,player_0724,31,0.065,0.484,0.065,0.065,0.032,1098.2,0.161,Explorer
1e88f9b6-06aa-40ce-8185-99055be153f2,player_0725,51,0.02,0.216,0.137,0.02,0.02,1085.4,0.157,Explorer
4eb85519-f75a-4dd1-9230-f8d3d6b31a60,player_0726,33,0.061,0.03,0.091,0.333,0.061,789.1,0.091,Achiever
0ecf7ef2-90b9-4836-8917-4fa8c4715bea,player_0727,64,0.094,0.047,0.109,0.297,0.031,773.6,0.203,Achiever
a5c0ce5e-74d5-40ae-801d-bd8e9c974435,player_0728,77,0.273,0.039,0.039,0.013,0.195,500.3,0.221,Killer
dd03644a-c766-44e8-9437-d48827b6cee1,player_0729,58,0.138,0.034,0.017,0.293,0.034,737.4,0.19,Achiever
8a300c22-0b8a-4e32-8492-5bee92a2a9ba,player_0730,40,0.075,0.175,0.475,0.025,0.0,1126.8,0.15,Socializer
2ca227f4-6b80-4050-b0f8-3a4db399611b,player_0731,71,0.014,0.225,0.394,0.042,0.0,1128.2,0.085,Socializer
ec4a7105-a538-4d0e-b87a-128c212748f8,player_0732,24,0.0,0.042,0.5,0.167,0.0,1173.3,0.125,Socializer
2df056f4-6240-40d2-ba05-91cb6b0bb1bf,player_0733,64,0.0,0.25,0.5,0.047,0.016,1178.7,0.141,Socializer
6ef9de31-ecb1-4d4a-850a-39ab14f4c29b,player_0734,71,0.521,0.07,0.014,0.0,0.085,507.0,0.268,Killer
97122e32-a11a-4c25-90b2-6c146166f006,player_0735,31,0.097,0.032,0.097,0.226,0.065,758.8,0.097,Achiever
e5beaa6c-d187-412a-91ce-5e13cb9c338b,player_0736,42,0.071,0.119,0.238,0.0,0.024,1044.0,0.238,Explorer
c3a316ec-3ece-44ec-82e8-2a4de4c6e5ec,player_0737,58,0.052,0.103,0.517,0.138,0.034,1140.5,0.138,Socializer
fd304724-602c-44d3-b5ab-1a9437c28ca4,player_0738,78,0.551,0.026,0.038,0.0,0.038,506.7,0.244,Killer
4ad73c68-d7ba-4d6d-92bf-1ea5de71be1f,player_0739,32,0.125,0.094,0.312,0.031,0.0,1194.1,0.219,Socializer
4e166a41-d9a6-4510-b383-9d46d9526e0a,player_0740,24,0.125,0.417,0.083,0.083,0.0,1149.5,0.125,Explorer
b127b749-e620-49c4-9829-ca235df5eea2,player_0741,20,0.0,0.1,0.75,0.0,0.05,1185.6,0.2,Socializer
a1421abd-17aa-4c66-92a6-17ad24e187e2,player_0742,64,0.109,0.031,0.062,0.141,0.031,492.8,0.141,Killer
c8a45714-f4c6-496c-8d0e-b95cb0067a1b,player_0743,50,0.36,0.12,0.0,0.0,0.1,479.6,0.14,Killer
102e01d5-d14d-4f54-9c42-be80a360bb81,player_0744,27,0.185,0.222,0.222,0.0,0.074,476.6,0.185,Killer
1a4d8c37-208c-4608-a4a0-b91bd02c14ea,player_0745,71,0.31,0.141,0.085,0.042,0.07,475.8,0.239,Killer
77921355-de9a-4ea3-8afa-dd24b21e3865,player_0746,42,0.0,0.048,0.476,0.071,0.024,1207.4,0.143,Socializer
fbd86009-857d-49f3-865b-fad4a8c01c1d,player_0747,42,0.0,0.381,0.095,0.071,0.0,1129.6,0.143,Explorer
7f767544-22cf-454f-9907-6f67c00d73dc,player_0748,27,0.519,0.222,0.037,0.0,0.0,477.9,0.148,Killer
613a177c-3dc4-4750-b024-b11f3f49aae9,player_0749,40,0.55,0.025,0.025,0.0,0.125,522.4,0.15,Killer
4b6cf7c5-bcef-4c43-8514-804522056f48,player_0750,42,0.048,0.048,0.5,0.095,0.024,1205.6,0.19,Socializer
6002e4aa-2859-461b-a387-b24530c0f042,player_0751,61,0.066,0.049,0.344,0.197,0.033,751.3,0.23,Achiever
eab593c7-e172-4d57-8fc1-0576aaf52b51,player_0752,28,0.036,0.464,0.214,0.0,0.0,1053.6,0.214,Explorer
27d0b618-6054-455f-b1b5-38c422813390,player_0753,79,0.0,0.076,0.646,0.076,0.013,1141.6,0.139,Socializer
2bffda5c-f99f-4249-b608-edbada809f5d,player_0754,26,0.038,0.231,0.385,0.077,0.0,1101.1,0.231,Explorer
9700a821-f151-48af-9e43-85a063b72550,player_0755,75,0.027,0.347,0.133,0.04,0.0,1092.0,0.173,Explorer
589d61a9-a48f-4c8c-be09-d691f1437b50,player_0756,28,0.0,0.5,0.107,0.0,0.036,1061.4,0.214,Explorer
2cf0fa5d-7af3-4151-bd25-88c249e3b516,player_0757,27,0.111,0.037,0.037,0.333,0.111,693.1,0.185,Achiever
8ed05676-d438-4b2a-80d5-af325ad1d8c8,player_0758,21,0.048,0.0,0.19,0.333,0.048,749.6,0.19,Achiever
ecd5dd76-7ebf-40cb-8152-7091cad9dd97,player_0759,53,0.019,0.547,0.038,0.019,0.0,1089.6,0.208,Explorer
bb97abbc-9707-418a-b58a-d02d7a46c357,player_0760,45,0.178,0.2,0.111,0.067,0.044,1069.0,0.2,Explorer
104dcb5e-8a21-4101-867c-f1d08771ed7b,player_0761,55,0.255,0.055,0.073,0.018,0.018,480.4,0.145,Killer
1b4303b9-4647-450a-8585-4c6d46dac3fe,player_0762,35,0.057,0.114,0.029,0.229,0.114,739.2,0.143,Achiever
c550e061-b1e7-4d4c-834f-32a48484460f,player_0763,60,0.167,0.05,0.217,0.067,0.05,477.2,0.217,Killer
421f0e8e-8453-4b31-a94d-cc7450287566,player_0764,40,0.275,0.1,0.025,0.15,0.1,536.6,0.125,Killer
905b65a9-9d10-43cf-9610-a4fe08e4b32b,player_0765,76,0.026,0.474,0.092,0.039,0.0,991.1,0.079,Explorer
edaf2d65-40b2-4096-a1ec-2202d858d174,player_0766,45,0.0,0.067,0.133,0.156,0.044,748.7,0.2,Achiever
26470437-4cc5-4d1f-8075-48e964cb9116,player_0767,77,0.013,0.117,0.584,0.052,0.013,1137.8,0.156,Socializer
2f8b685d-6201-406c-b8b4-b5db0b4741e5,player_0768,37,0.108,0.054,0.27,0.162,0.081,1191.5,0.081,Socializer
31125b94-16d8-4fda-a9fd-9f942149e602,player_0769,34,0.147,0.088,0.088,0.0,0.029,1055.5,0.088,Explorer
4ff7b2d7-0cdf-4643-b578-ef5f36082897,player_0770,79,0.329,0.101,0.051,0.013,0.051,500.3,0.241,Killer
b00ea9f4-92f2-4bce-9cec-f2f3c4e51042,player_0771,49,0.061,0.327,0.061,0.082,0.0,1046.2,0.204,Explorer
c317705b-103f-4104-938e-c605bd0b4552,player_0772,22,0.5,0.045,0.0,0.0,0.136,479.5,0.182,Killer
7a79a2cc-c357-4e44-a0e1-5829f507e721,player_0773,22,0.045,0.318,0.045,0.0,0.0,1135.9,0.091,Explorer
d3f43f28-181c-48d4-86e9-5d3dfa4acf4c,player_0774,23,0.13,0.043,0.087,0.304,0.13,713.0,0.13,Achiever
6674f60a-be66-41d4-a77b-b635626aafdf,player_0775,45,0.044,0.022,0.578,0.156,0.022,1119.7,0.133,Socializer
b0e28deb-b941-4cf4-826f-7e46714c00eb,player_0776,72,0.042,0.069,0.403,0.236,0.042,1157.5,0.111,Socializer
d9347be2-3234-4ec9-86c6-999744d1fb33,player_0777,22,0.182,0.091,0.455,0.045,0.045,1170.0,0.136,Socializer
1b3c1a45-518c-4087-b279-d3b79fb5b654,player_0778,36,0.056,0.417,0.083,0.056,0.0,1102.3,0.25,Explorer
ca2d779f-b7cf-418c-9dc9-a9156c8fb826,player_0779,26,0.077,0.308,0.154,0.115,0.038,1123.2,0.115,Explorer
25c4c88f-7734-43d1-9235-ab4d2bd9a883,player_0780,26,0.423,0.038,0.077,0.0,0.077,487.7,0.077,Killer
b38cf7f1-f47a-40b7-8a6e-ae99b853f128,player_0781,47,0.0,0.106,0.723,0.021,0.0,1180.3,0.106,Socializer
ba3ec090-0a3a-4618-8883-6963c9bea2e6,player_0782,71,0.042,0.028,0.507,0.169,0.0,1133.6,0.141,Socializer
2b15ca2f-fc40-4ace-a34d-fbce6e49b94a,player_0783,24,0.042,0.333,0.125,0.0,0.0,1009.7,0.25,Explorer
067b0456-a46a-4b19-ae00-dabca7b4e3b0,player_0784,35,0.086,0.371,0.229,0.057,0.0,1051.9,0.171,Explorer
18b79177-206a-4ae5-a86c-b017c610f442,player_0785,22,0.0,0.091,0.455,0.182,0.0,1153.5,0.227,Socializer
34f3dc2b-c4c2-4d6c-8f72-633ec9ad0533,player_0786,33,0.242,0.03,0.061,0.121,0.182,752.6,0.182,Achiever
7937bc2f-f913-4ef7-9711-e43ce495686f,player_0787,49,0.122,0.102,0.02,0.469,0.02,759.4,0.184,Achiever
eec6b0db-b89f-4fd9-bff2-422495a56fd3,player_0788,75,0.227,0.08,0.093,0.267,0.04,721.3,0.173,Achiever
4ddc8b35-4858-4d50-8928-87875435475f,player_0789,57,0.246,0.07,0.123,0.14,0.035,491.1,0.14,Killer
b929fd1f-2140-4137-a0ee-d59c65879493,player_0790,61,0.066,0.311,0.066,0.033,0.016,1050.9,0.131,Explorer
a6aa65e4-50d7-43d0-b477-46c7e9707032,player_0791,23,0.043,0.478,0.043,0.043,0.0,1095.3,0.391,Explorer
77aff2cf-835d-4c99-a2c4-faab150340f6,player_0792,42,0.31,0.214,0.048,0.095,0.0,500.2,0.167,Killer
6f4fa8ab-313d-4ee7-8731-73306acb6834,player_0793,78,0.346,0.013,0.064,0.026,0.064,472.4,0.154,Killer
3d086726-8e87-44c8-a11d-0404b11f7a94,player_0794,38,0.053,0.316,0.105,0.053,0.0,1046.2,0.158,Explorer
2631e4d8-ba6b-4f65-bfbd-76d5036c546c,player_0795,52,0.038,0.327,0.077,0.038,0.0,1045.1,0.269,Explorer
ddca880a-25c7-418f-a3b5-dbfcddfed049,player_0796,24,0.083,0.375,0.125,0.042,0.0,1007.5,0.292,Explorer
ff3b3a29-bbb3-4a6b-a256-e4ab492699f1,player_0797,80,0.15,0.05,0.062,0.287,0.15,753.3,0.15,Achiever
97ab6ecf-65fb-413d-b8fe-afe730992958,player_0798,59,0.119,0.068,0.102,0.102,0.186,723.0,0.169,Achiever
78f4e64a-c894-4000-af0d-9f3f3db33968,player_0799,54,0.037,0.037,0.667,0.037,0.019,1207.9,0.185,Socializer
ac67c5c2-03e5-42f8-955c-03222d25c29b,player_0800,61,0.049,0.197,0.082,0.033,0.049,1083.2,0.082,Explorer
d471e137-673f-4e05-b28f-04ec31a6b8b2,player_0801,33,0.03,0.303,0.212,0.061,0.0,1044.9,0.182,Explorer
201510c0-7b16-4d25-9fc7-acb920d07f3b,player_0802,26,0.038,0.0,0.038,0.269,0.192,778.6,0.077,Achiever
242bd860-8665-4478-a004-338c681f1ddb,player_0803,65,0.015,0.092,0.538,0.031,0.031,1183.7,0.185,Socializer
a34d9aa7-fc03-4b41-b947-1979e3517fae,player_0804,57,0.035,0.07,0.684,0.053,0.035,1170.3,0.123,Socializer
a68d546f-309e-495a-994c-2698f43ff838,player_0805,42,0.119,0.048,0.071,0.143,0.071,735.5,0.214,Achiever
59f89514-0d73-444f-bc48-a88b2c0eaadd,player_0806,61,0.082,0.082,0.098,0.213,0.049,768.5,0.115,Achiever
c1245fea-42cc-4e40-9c6a-ea621fd928e4,player_0807,78,0.077,0.026,0.064,0.282,0.231,776.9,0.128,Achiever
d1befb29-3787-4f05-941d-87f62ca1797f,player_0808,68,0.235,0.059,0.221,0.029,0.059,1182.5,0.206,Socializer
b79c26ac-a393-433c-a887-219c9c0edf6b,player_0809,66,0.091,0.045,0.576,0.121,0.0,1147.2,0.167,Socializer
6e3d1bcc-9672-4920-8bee-2f37af134a8c,player_0810,33,0.394,0.152,0.061,0.061,0.061,461.7,0.273,Killer
6b155eb7-cc19-4bb0-a3ee-e8db66cd0a98,player_0811,32,0.031,0.062,0.812,0.031,0.0,1161.8,0.125,Socializer
721d34de-698c-44aa-a1df-2787dc204548,player_0812,47,0.128,0.0,0.064,0.255,0.128,735.8,0.17,Achiever
3d18cee5-9657-4b1b-8148-0c5bbfe0de95,player_0813,66,0.106,0.03,0.227,0.242,0.045,731.0,0.136,Achiever
04814170-a977-4736-b1ef-773e94189396,player_0814,24,0.042,0.167,0.083,0.125,0.042,1134.0,0.167,Explorer
46ffe086-81a4-4f80-a8da-4cfbf27539e8,player_0815,53,0.057,0.019,0.132,0.189,0.094,788.6,0.151,Achiever
0baf20a3-7140-4684-804c-cb8aef0cedb7,player_0816,57,0.035,0.246,0.123,0.07,0.035,1089.4,0.211,Explorer
4497eaad-bae8-44e5-9936-d45151d9e205,player_0817,73,0.288,0.027,0.055,0.096,0.041,504.2,0.11,Killer
e21ad2ad-0dda-4cb9-818e-1886ed2d5b98,player_0818,20,0.15,0.0,0.5,0.1,0.0,1149.0,0.1,Socializer
e2c7e1ab-ea2a-4b55-a16c-5616a1df9cd8,player_0819,20,0.0,0.0,0.1,0.25,0.25,779.6,0.25,Achiever
cefd3541-3952-4687-8f53-bae8857be55d,player_0820,26,0.038,0.385,0.115,0.0,0.0,1015.3,0.154,Explorer
f5265a91-0200-4b1e-be92-8a2fa5dde0b9,player_0821,69,0.014,0.087,0.565,0.087,0.0,1177.9,0.101,Socializer
8c9c901d-d241-4478-b710-bfe074b7da37,player_0822,76,0.224,0.066,0.026,0.289,0.118,735.4,0.105,Achiever
70b58dad-6989-4ec6-b699-0bc10db02908,player_0823,46,0.217,0.065,0.022,0.174,0.109,727.8,0.174,Achiever
509563d7-ae97-4dd7-80b5-c35b8397965d,player_0824,77,0.429,0.026,0.0,0.026,0.039,504.1,0.195,Killer
f909aac0-57d2-470e-ae7d-f2b24e064d9a,player_0825,24,0.042,0.042,0.083,0.042,0.167,757.5,0.167,Achiever
fad60c98-503c-443f-9ca5-5da068e9a2e0,player_0826,21,0.333,0.0,0.0,0.095,0.095,432.6,0.19,Killer
d0945c26-f70b-4e9c-822c-701a0cfb7826,player_0827,38,0.053,0.395,0.132,0.053,0.0,1073.1,0.184,Explorer
46ccae4a-3563-4347-a85f-05aea067c707,player_0828,50,0.06,0.3,0.14,0.02,0.04,1084.1,0.18,Explorer
9c2f5408-f63c-4edc-ae01-f90273d7c826,player_0829,75,0.067,0.053,0.187,0.28,0.147,754.4,0.147,Achiever
01e1f1c9-13d8-4527-8309-73c33fa16c96,player_0830,65,0.477,0.046,0.062,0.062,0.062,464.9,0.2,Killer
ca4ec307-8601-491b-84ea-4811927a56ec,player_0831,43,0.256,0.256,0.093,0.023,0.07,1090.0,0.209,Explorer
ccd29aa9-34c7-4943-9be2-09944fe773ca,player_0832,53,0.151,0.057,0.075,0.302,0.057,747.8,0.094,Achiever
d2fe438a-e0c6-4422-a882-96dc5be3943b,player_0833,70,0.014,0.029,0.543,0.157,0.014,1111.0,0.1,Socializer
2bd0ce1c-8d72-4c1a-9796-f7b52eba1ebb,player_0834,78,0.333,0.038,0.064,0.128,0.051,482.4,0.154,Killer
144deb2b-9b07-4e0b-9c88-ad021f2b5974,player_0835,68,0.044,0.044,0.294,0.103,0.074,1166.4,0.103,Socializer
fdbb4f5f-55ff-4cea-9205-40db98c9b205,player_0836,73,0.0,0.055,0.671,0.068,0.0,1214.1,0.096,Socializer
d610af30-96f2-468b-b09f-3553e4715caa,player_0837,31,0.129,0.065,0.323,0.161,0.032,706.3,0.161,Achiever
87c02812-3476-4fc8-8934-1a99c342672c,player_0838,61,0.098,0.082,0.475,0.098,0.033,1149.2,0.18,Socializer
2028db4f-c43f-40d4-b64c-3c080b172536,player_0839,57,0.123,0.035,0.316,0.088,0.018,506.0,0.228,Killer
9f3b2040-14c6-4f62-8f26-5c33b682e424,player_0840,43,0.023,0.186,0.349,0.07,0.0,1152.4,0.14,Socializer
6a729199-ebe0-46a3-841d-45209853f931,player_0841,71,0.127,0.028,0.042,0.296,0.099,767.9,0.31,Achiever
135278b7-8406-4a25-8fcd-7e982448eba8,player_0842,59,0.254,0.068,0.0,0.136,0.085,743.3,0.237,Achiever
da691220-b619-4939-aca6-62e295e321f9,player_0843,79,0.443,0.101,0.038,0.038,0.076,501.4,0.139,Killer
b643740a-8d5d-42de-b7f2-0a060cd18a5d,player_0844,76,0.053,0.092,0.053,0.382,0.053,734.2,0.118,Achiever
1b087b72-8a23-4d59-ab0d-18e3e2932549,player_0845,76,0.592,0.066,0.053,0.0,0.105,476.6,0.132,Killer
5f555c09-8bef-4a40-b20d-225f1f80b737,player_0846,22,0.318,0.045,0.0,0.0,0.091,522.3,0.273,Killer
ff68982c-7c8e-44b9-be1f-4559e22d6a88,player_0847,44,0.045,0.023,0.682,0.091,0.0,1153.8,0.091,Socializer
54c3a6dd-6b7f-4625-a46e-2a8bfbd0ad4d,player_0848,77,0.208,0.0,0.013,0.273,0.039,754.8,0.208,Achiever
034bfcf7-1ac1-46c7-9371-17f06098b22a,player_0849,60,0.067,0.217,0.217,0.133,0.05,1169.9,0.183,Socializer
fc61e6ca-deba-4245-9f63-c841de9005aa,player_0850,26,0.269,0.038,0.0,0.038,0.077,503.6,0.192,Killer
d6e25046-4d49-4459-a843-781438aa4321,player_0851,65,0.554,0.062,0.015,0.031,0.062,487.2,0.123,Killer
9563e020-9c6d-4f58-928a-21301a12371c,player_0852,78,0.09,0.359,0.064,0.051,0.0,1052.6,0.154,Explorer
22a72e44-adfe-49f6-98f3-7ca9bf92e1ee,player_0853,79,0.013,0.063,0.785,0.025,0.013,1161.1,0.139,Socializer
17c8e735-5bce-4b7c-9d24-c406b378c23f,player_0854,22,0.045,0.045,0.409,0.227,0.045,729.4,0.0,Achiever
7920f42f-df3c-4585-864f-12a708e629f9,player_0855,65,0.108,0.2,0.046,0.031,0.046,1115.0,0.262,Explorer
e4241503-93f9-4927-aa0c-983257ddc5c8,player_0856,71,0.028,0.056,0.056,0.282,0.042,754.3,0.254,Achiever
43409050-dde6-46fc-a64d-eb2154a7cdb5,player_0857,20,0.2,0.0,0.45,0.0,0.0,1266.8,0.2,Socializer
c77ee8a7-cfcc-4af3-ab38-bd2e0f0035d8,player_0858,67,0.388,0.104,0.03,0.045,0.09,484.7,0.179,Killer
d5c36961-e509-46b7-9673-4f868b9aa24e,player_0859,31,0.29,0.065,0.032,0.0,0.032,506.4,0.129,Killer
ef55326f-af9f-4dff-9959-50130a5f5581,player_0860,50,0.06,0.28,0.08,0.16,0.0,1004.3,0.14,Explorer
53e0658e-d467-4caf-a193-0f15ebcf7a66,player_0861,50,0.06,0.12,0.46,0.12,0.0,1105.9,0.14,Socializer
7c7a1397-1242-4076-b336-32cfdcdc5f9c,player_0862,32,0.406,0.031,0.125,0.0,0.031,528.1,0.25,Killer
91d927ad-afa5-42ca-bb7f-0bb4c3dca0e1,player_0863,61,0.525,0.049,0.066,0.0,0.033,502.5,0.18,Killer
72adfc86-b877-4af7-86c9-93b99cbcba8b,player_0864,72,0.111,0.347,0.042,0.056,0.0,1069.2,0.292,Explorer
7a2d9ed3-4217-4a15-afd2-ab317521cdd8,player_0865,28,0.0,0.464,0.071,0.036,0.036,1125.9,0.179,Explorer
0fe6b0da-92a8-43f2-9b88-ea730be87bda,player_0866,42,0.19,0.262,0.119,0.048,0.0,1055.3,0.286,Explorer
cba4280f-97b9-4926-be60-5c1acd93e524,player_0867,20,0.4,0.05,0.0,0.05,0.05,388.0,0.2,Killer
92ea2286-6e71-4a9f-9a2a-5916b3b8732e,player_0868,69,0.522,0.072,0.0,0.0,0.072,497.4,0.188,Killer
7755f108-c305-494d-a97b-fb95c1148a0a,player_0869,53,0.283,0.019,0.094,0.17,0.057,718.4,0.226,Achiever
f27b9e59-32fe-4181-a59c-f5ef45cf60ba,player_0870,75,0.12,0.04,0.107,0.347,0.04,730.7,0.213,Achiever
664f2cb3-a3f0-4f1b-a021-db177b7fa411,player_0871,22,0.045,0.091,0.273,0.182,0.0,1203.1,0.182,Socializer
74adce8a-59d5-4755-bb2e-f94f72a4dd3c,player_0872,26,0.115,0.115,0.077,0.192,0.115,711.3,0.154,Achiever
677c17e7-1e99-448e-b9e7-a531b655fa41,player_0873,36,0.0,0.0,0.472,0.111,0.028,1171.9,0.194,Socializer
d6bbe0eb-1609-48eb-9598-c7d7419a7f49,player_0874,39,0.026,0.0,0.077,0.436,0.205,719.4,0.205,Achiever
a28c9f7e-4f32-49be-8c82-e36dc8c236b0,player_0875,56,0.089,0.054,0.071,0.339,0.089,828.6,0.196,Achiever
dc574241-6c31-4351-8b37-d8a08e87fed8,player_0876,36,0.5,0.083,0.0,0.0,0.056,506.4,0.167,Killer
ca3d35d1-b977-43da-aa75-8be7aa76a6e1,player_0877,76,0.395,0.053,0.053,0.0,0.105,472.9,0.25,Killer
9936698f-4381-495a-89d7-4e24f474672a,player_0878,74,0.149,0.0,0.054,0.324,0.162,770.8,0.176,Achiever
f8a3b066-9e35-4fb4-bffa-6a84348357cc,player_0879,62,0.113,0.081,0.452,0.097,0.016,1123.2,0.194,Socializer
a5d6e33e-e621-4897-bbbc-2818a886d463,player_0880,39,0.051,0.385,0.256,0.026,0.026,1193.5,0.103,Socializer
0eb09b3c-a14c-400b-8e52-163cf2ce1acb,player_0881,27,0.296,0.074,0.0,0.037,0.074,565.5,0.222,Killer
c0c3919d-8942-4a9d-87fd-766915434517,player_0882,58,0.052,0.155,0.466,0.052,0.0,1171.8,0.259,Socializer
9a6b7d6a-e4e1-4ea4-b662-ecc16e7309e4,player_0883,71,0.056,0.31,0.113,0.07,0.0,1090.9,0.113,Explorer
0dec9d60-7d55-4f7f-9eca-0667555ed5c4,player_0884,40,0.2,0.025,0.225,0.2,0.075,491.4,0.125,Killer
93ddd0e5-695b-4e8d-96c2-0d45491d9fc9,player_0885,61,0.59,0.066,0.0,0.0,0.033,481.1,0.18,Killer
d497d801-604b-49bb-a66f-62159819c986,player_0886,75,0.093,0.307,0.013,0.04,0.053,1125.3,0.187,Explorer
d2bf2f8a-fab7-4e4b-91d2-d2ccc3e5bd1d,player_0887,23,0.087,0.13,0.043,0.174,0.043,539.6,0.13,Killer
75c1101a-eabf-4c64-8496-0152a3caf4df,player_0888,62,0.048,0.129,0.371,0.081,0.0,1066.5,0.194,Explorer
33027d5b-67c3-4140-9d87-6076bd4b0112,player_0889,53,0.17,0.038,0.113,0.226,0.038,757.2,0.17,Achiever
f5161fd8-3f9c-4f13-bb51-5881b1da2bf1,player_0890,23,0.087,0.13,0.087,0.304,0.087,772.5,0.087,Achiever
fb5124c5-dd75-43e6-9e41-c9583923e410,player_0891,66,0.591,0.015,0.03,0.015,0.091,478.3,0.136,Killer
6dc22dff-9071-46ec-bb5c-f40c9833e552,player_0892,50,0.06,0.04,0.36,0.24,0.08,766.1,0.16,Achiever
81b186b3-6bf5-44d7-bd51-4bd59fe48e4b,player_0893,75,0.4,0.093,0.027,0.013,0.16,523.2,0.187,Killer
ea39294d-d96a-4d82-bdb6-30d6e35d4f2b,player_0894,32,0.0,0.25,0.406,0.125,0.0,1242.4,0.031,Socializer
530b5242-0ba1-4d9c-a12e-6c72a8350782,player_0895,75,0.08,0.053,0.573,0.107,0.013,1153.3,0.147,Socializer
f723c1b5-d5e9-48e0-9290-bb5a2beccdfd,player_0896,54,0.074,0.074,0.37,0.148,0.0,1182.9,0.167,Socializer
04054806-e7d1-4893-a2c1-e08ce8c04b15,player_0897,58,0.103,0.034,0.103,0.328,0.034,729.8,0.172,Achiever
1fff51ba-57df-4509-80bd-b69ec3312d27,player_0898,79,0.468,0.025,0.101,0.025,0.025,525.5,0.152,Killer
26707b17-b815-4748-a800-8391ae48b0a3,player_0899,49,0.041,0.0,0.388,0.265,0.041,1174.8,0.184,Socializer
41b902c0-dc3a-4542-8872-6d13fcfd7f5a,player_0900,66,0.045,0.061,0.5,0.076,0.0,1161.5,0.242,Socializer
3961050b-2679-46ed-a6d8-fe8ff8049da9,player_0901,55,0.345,0.073,0.073,0.018,0.055,503.9,0.164,Killer
9d74219f-6f40-4ed7-a133-774334c315a7,player_0902,57,0.018,0.07,0.491,0.211,0.0,1202.6,0.281,Socializer
929da188-6761-4300-9886-61ca42974e7f,player_0903,30,0.1,0.033,0.033,0.3,0.033,772.0,0.233,Achiever
1624f70a-0f4a-4203-b3f8-55f5e8acd03b,player_0904,27,0.407,0.037,0.0,0.037,0.074,516.6,0.296,Killer
1b229a00-3f02-4cfa-b834-f25f887e1a76,player_0905,60,0.183,0.067,0.117,0.15,0.1,732.2,0.1,Achiever
9c8ab4d5-3549-4c18-9054-61f385c25b89,player_0906,69,0.058,0.217,0.0,0.014,0.014,1069.0,0.174,Explorer
5f0608df-8188-498d-8ebd-dc8d93b6af67,player_0907,33,0.455,0.091,0.0,0.061,0.061,483.5,0.333,Killer
8d6af378-a775-4fb2-8255-255cb44dc011,player_0908,78,0.115,0.064,0.577,0.038,0.0,1164.4,0.141,Socializer
6b554e73-32ea-4552-8679-87daf112ad2e,player_0909,76,0.079,0.053,0.105,0.263,0.039,725.7,0.184,Achiever
d6a204ca-05a7-4197-9840-a42bda0bf63b,player_0910,71,0.197,0.085,0.225,0.042,0.085,506.2,0.141,Killer
aea90de0-5e60-49da-9e50-25cc2d800a34,player_0911,80,0.525,0.037,0.0,0.0,0.05,515.4,0.125,Killer
3334632e-1b9a-4be6-a72f-8b9c466ecc09,player_0912,43,0.093,0.093,0.326,0.047,0.023,484.7,0.093,Killer
3ec57fb9-1fd9-4351-8b99-4dcfbebe56cd,player_0913,21,0.0,0.095,0.476,0.048,0.0,1185.6,0.048,Socializer
3a24b35b-7a43-431b-a5a3-57dd85f62665,player_0914,31,0.548,0.0,0.032,0.032,0.032,512.4,0.226,Killer
7828b7a8-ea32-461d-b55e-8518dfca6636,player_0915,68,0.132,0.074,0.044,0.397,0.074,745.1,0.118,Achiever
2daa0920-7b3b-44a1-bdec-0c3ddd4d02eb,player_0916,27,0.037,0.037,0.63,0.037,0.0,1101.9,0.185,Socializer
16357ece-b5c4-4a93-a2a4-cdcf4d08a18e,player_0917,55,0.182,0.382,0.036,0.018,0.036,1079.6,0.091,Explorer
d48bd141-63e3-4b64-8991-d532b475b79a,player_0918,80,0.0,0.075,0.338,0.15,0.013,1104.7,0.175,Explorer
b10d6b33-3cdd-4fbb-b8d3-09b18a3d8eb3,player_0919,44,0.045,0.341,0.045,0.023,0.023,1135.0,0.136,Explorer
bef10d69-1ffa-4fd8-99bc-3560172b2475,player_0920,63,0.111,0.048,0.222,0.19,0.079,748.7,0.159,Achiever
1ff6c099-fd57-4505-8731-d2ed3288f253,player_0921,40,0.025,0.0,0.525,0.15,0.05,1143.5,0.075,Socializer
62c0d383-01dd-4ccf-8c53-4551da0adbc7,player_0922,26,0.423,0.038,0.0,0.0,0.038,526.8,0.231,Killer
9a4502d3-7daa-4bf7-8613-5201701ba4e8,player_0923,51,0.02,0.275,0.294,0.078,0.02,1110.8,0.216,Explorer
d274af15-9127-44e4-89d6-078ea5455f79,player_0924,34,0.147,0.059,0.029,0.235,0.029,687.2,0.176,Achiever
8133544d-d7d0-4851-a028-0bc2a4b1f627,player_0925,62,0.016,0.048,0.29,0.274,0.129,1224.2,0.145,Socializer
cacec8ba-fb96-4e72-912c-0631b4bcceb2,player_0926,23,0.13,0.043,0.087,0.348,0.087,721.8,0.043,Achiever
38dc81d6-c120-48b0-81d1-1e078e629fbe,player_0927,43,0.023,0.116,0.535,0.093,0.0,1097.7,0.233,Socializer
62e48b3d-5933-4da1-b7bf-de02090f6ba7,player_0928,36,0.0,0.111,0.5,0.083,0.028,1210.9,0.194,Socializer
d0bb2200-6dd6-4446-85bc-03ccf4220510,player_0929,42,0.071,0.167,0.357,0.071,0.024,1141.0,0.167,Socializer
2285ef28-b6a0-4007-9bc1-dd4c313641e3,player_0930,72,0.056,0.167,0.125,0.042,0.014,1050.6,0.125,Explorer
cd81b541-d482-465d-870f-97b9449d0305,player_0931,63,0.127,0.048,0.333,0.095,0.048,1108.7,0.206,Socializer
55ed2aa2-ae6d-41ec-aae8-eb393c10c45e,player_0932,47,0.149,0.064,0.404,0.043,0.043,1206.4,0.277,Socializer
dc3a5f15-456b-4253-a98d-21405052bbc0,player_0933,24,0.0,0.042,0.792,0.083,0.0,1268.8,0.167,Socializer
863ece30-2178-4df6-854b-1a26e2f1c732,player_0934,61,0.492,0.033,0.033,0.0,0.098,495.3,0.197,Killer
db2988fd-0fbd-4265-b29c-b2489a5f5c96,player_0935,28,0.571,0.0,0.0,0.036,0.071,476.6,0.286,Killer
47c38f99-6a45-4081-948e-22412315cc9b,player_0936,49,0.02,0.449,0.143,0.041,0.02,1127.6,0.082,Explorer
3ae5a1b8-863f-4de5-9e07-df4bc71e3936,player_0937,51,0.098,0.02,0.078,0.314,0.0,744.1,0.235,Achiever
81b952c7-61ca-4d88-b131-53492a2f9e3c,player_0938,57,0.158,0.053,0.035,0.368,0.053,750.9,0.123,Achiever
94bf39d2-33b1-4a6f-bd64-975ac51a4f31,player_0939,59,0.051,0.017,0.644,0.153,0.0,1148.1,0.136,Socializer
e6557f9a-dad7-4848-9f36-e576718338a1,player_0940,55,0.0,0.4,0.109,0.018,0.0,1124.0,0.109,Explorer
92d90c50-92fe-4943-b001-2b53c945e3b0,player_0941,38,0.079,0.079,0.421,0.105,0.026,1138.7,0.158,Socializer
157b61f8-396a-40f2-a169-83f059fa4cd2,player_0942,64,0.016,0.062,0.672,0.047,0.031,1131.3,0.125,Socializer
31c47b98-6e69-4d43-b9c1-bbd02835461d,player_0943,51,0.039,0.059,0.392,0.137,0.0,1171.8,0.098,Socializer
743202b5-afec-4287-bfb6-c4533a5897a8,player_0944,52,0.019,0.288,0.25,0.115,0.0,1073.3,0.135,Explorer
733b0ad9-dd53-4ec5-a91a-27e719ea0bd0,player_0945,33,0.121,0.03,0.0,0.242,0.152,715.0,0.152,Achiever
c5734e33-1031-4748-bb10-a9fb49ec1f20,player_0946,60,0.017,0.033,0.367,0.217,0.033,1075.9,0.2,Socializer
d3abd703-3322-4a96-b136-77dec7565433,player_0947,40,0.0,0.25,0.15,0.1,0.0,1048.9,0.25,Explorer
0afa7d64-ff5f-40c8-ab8b-dd020730ffe6,player_0948,54,0.074,0.407,0.093,0.093,0.0,1105.4,0.204,Explorer
19f42f09-fa43-4637-9bdb-f03068032593,player_0949,59,0.559,0.017,0.0,0.0,0.017,513.6,0.169,Killer
542ffd61-1941-4075-bad1-d56607e3133e,player_0950,60,0.033,0.217,0.317,0.1,0.017,1136.3,0.167,Socializer
398d9b55-c9fd-43ca-a516-6eee1335fbf8,player_0951,69,0.014,0.058,0.623,0.159,0.029,1175.4,0.159,Socializer
85b66f11-5822-4c86-bd59-d64885bb4e31,player_0952,42,0.071,0.048,0.024,0.214,0.119,756.2,0.048,Achiever
d8cae2b4-4c06-42cd-bd4f-e78c00692d7a,player_0953,47,0.064,0.404,0.085,0.021,0.0,1016.9,0.213,Explorer
af9cd292-eaf2-4ce6-b865-6ae58c728c1a,player_0954,57,0.0,0.123,0.386,0.123,0.07,1171.4,0.246,Socializer
ccdef8af-37a8-44f2-ac58-0ef18e77e988,player_0955,62,0.323,0.065,0.065,0.129,0.065,521.1,0.177,Killer
4d0588ab-c7e0-42ab-97ae-4f180787a56f,player_0956,55,0.018,0.018,0.745,0.127,0.0,1177.5,0.091,Socializer
b0fe665e-4aa5-4869-bcb2-67c3a254e66a,player_0957,36,0.25,0.194,0.056,0.028,0.056,1082.7,0.139,Explorer
f0cb4b9e-4ee4-46f9-ac5a-828df7d60d75,player_0958,75,0.44,0.053,0.013,0.027,0.04,489.5,0.16,Killer
c5d1c76a-a22d-460e-8b79-08fc2da5c593,player_0959,61,0.033,0.328,0.262,0.049,0.016,1166.0,0.213,Socializer
d7f0c14a-25b3-485d-a629-c7369a81efa0,player_0960,63,0.587,0.032,0.032,0.0,0.095,475.4,0.143,Killer
bfd1029b-eb9c-4c82-98e0-e979f6f0d895,player_0961,39,0.026,0.051,0.41,0.205,0.026,1153.2,0.128,Socializer
0009feab-29fa-4e48-8ef6-2ec079076ae6,player_0962,71,0.056,0.085,0.056,0.296,0.0,780.3,0.099,Achiever
15e26ec2-90e6-4901-bc9d-b658a581ec84,player_0963,73,0.041,0.027,0.288,0.342,0.041,759.5,0.192,Achiever
0ef330af-e35b-49bf-a1c4-0b9f8230b424,player_0964,28,0.393,0.071,0.036,0.0,0.143,524.5,0.143,Killer
a59b96de-f48a-44b7-8912-076d7b5f7aa8,player_0965,53,0.019,0.019,0.038,0.434,0.075,713.0,0.094,Achiever
5dbd548c-8bb5-405f-bb10-95881822ab4c,player_0966,78,0.0,0.372,0.128,0.026,0.0,1106.3,0.141,Explorer
a39639ff-7f4a-4054-8158-b2bd1bd86b8b,player_0967,70,0.071,0.029,0.043,0.3,0.086,735.9,0.129,Achiever
9b511651-4bdd-4f59-8556-4e644ffa722b,player_0968,65,0.062,0.077,0.123,0.246,0.108,764.0,0.169,Achiever
4cb1efde-675f-468c-8a1e-15fe7434d62b,player_0969,52,0.115,0.173,0.077,0.231,0.019,782.6,0.212,Achiever
1d8897ce-861f-4b65-bc39-f4b636fc6bf4,player_0970,42,0.071,0.143,0.31,0.095,0.024,1141.3,0.143,Socializer
08ce1d29-96c5-4a83-a5ee-a390a5b5cfd2,player_0971,46,0.261,0.109,0.022,0.043,0.022,1039.3,0.261,Explorer
97339669-64a4-430b-97c4-6a1cd9ea9063,player_0972,75,0.013,0.067,0.0,0.453,0.093,730.6,0.187,Achiever
0aa03d56-3b71-4b18-a713-14f000fbe2d0,player_0973,53,0.019,0.17,0.604,0.057,0.0,1195.9,0.132,Socializer
f1eac7b7-9991-475c-9f50-423f2ef24787,player_0974,31,0.323,0.194,0.097,0.032,0.065,531.2,0.129,Killer
e59ccc56-1866-4d2b-8bb7-7f8f802d50a8,player_0975,70,0.071,0.029,0.029,0.429,0.114,760.9,0.1,Achiever
f16fb3ca-2287-4542-a8ac-4e1209f6ee5d,player_0976,50,0.26,0.12,0.02,0.02,0.16,513.9,0.24,Killer
946dd7e6-161d-4f7b-96d8-89723d1ddd55,player_0977,41,0.073,0.024,0.732,0.098,0.0,1179.4,0.122,Socializer
a7b03702-09d7-4fb2-a5af-41b35fa2db6d,player_0978,66,0.045,0.333,0.045,0.106,0.03,1124.0,0.136,Explorer
0adcbf87-f879-4740-bf87-3353ec09297b,player_0979,48,0.312,0.104,0.062,0.021,0.0,494.3,0.271,Killer
d9b71796-69cd-418f-ae82-f117bc53f7a9,player_0980,50,0.02,0.26,0.04,0.04,0.0,1061.7,0.18,Explorer
afb03962-2020-4bea-a103-352b03f48257,player_0981,58,0.034,0.345,0.086,0.086,0.0,1101.6,0.19,Explorer
7c805607-166b-48ce-83ed-573f6af29582,player_0982,30,0.467,0.0,0.067,0.0,0.1,513.8,0.1,Killer
b6c8085a-347b-4092-9db5-094b372b3d2b,player_0983,44,0.136,0.023,0.0,0.273,0.023,736.0,0.136,Achiever
8ae3b618-d839-48f8-b637-8abe802b8353,player_0984,47,0.064,0.021,0.064,0.298,0.17,779.2,0.213,Achiever
a8c5368c-1b5e-44f3-84dd-b765c40c102a,player_0985,67,0.015,0.313,0.269,0.06,0.0,1079.0,0.164,Explorer
a9ef31b7-961d-47d1-8d1d-4e7388f788e2,player_0986,53,0.321,0.189,0.019,0.0,0.019,511.5,0.17,Killer
bb8c27e8-662f-4a58-af87-8a3652f87708,player_0987,68,0.044,0.029,0.044,0.353,0.132,738.0,0.221,Achiever
4e14277c-26bd-45b6-9c01-c4ae976b572f,player_0988,77,0.0,0.104,0.364,0.13,0.013,1183.5,0.143,Socializer
d20dfe3f-50fc-4c76-ab45-c46feaa20a1b,player_0989,61,0.033,0.492,0.016,0.033,0.016,1081.3,0.115,Explorer
46da7cae-2f4b-477e-bfef-2066e7b7fc05,player_0990,46,0.261,0.065,0.087,0.239,0.109,726.6,0.13,Achiever
c2730a69-b89c-4018-9327-a545143c77ad,player_0991,77,0.013,0.351,0.117,0.039,0.013,1135.3,0.195,Explorer
ed0effee-bcd0-4425-a4e9-17fb5e6e1ce9,player_0992,56,0.125,0.036,0.089,0.214,0.232,760.2,0.089,Achiever
221aa4ed-d87e-4593-99f2-ba099ebec72a,player_0993,38,0.289,0.105,0.079,0.053,0.079,470.5,0.211,Killer
3851d1ac-0164-4eef-b395-16bddc85f9c2,player_0994,73,0.0,0.384,0.151,0.027,0.027,1091.7,0.151,Explorer
bdf2651a-f1d7-4dff-a5cc-e5386c54f286,player_0995,46,0.63,0.043,0.022,0.043,0.065,488.5,0.174,Killer
26cc62c3-d3f9-482a-952f-d0952bb926f8,player_0996,32,0.094,0.031,0.031,0.375,0.156,730.2,0.062,Achiever
a8b1dea4-aed7-44ed-a0fd-1fa4bc3305b9,player_0997,65,0.369,0.077,0.031,0.015,0.123,509.4,0.2,Killer
b38e3435-048c-4761-ad12-c4b26115f01e,player_0998,33,0.152,0.182,0.364,0.03,0.03,503.9,0.212,Killer
6a8fb952-d17c-4d25-a48f-a30626ff2088,player_0999,26,0.192,0.0,0.423,0.0,0.077,516.3,0.192,Killer
